split,writer_a,file_a,writer_b,file_b,label
train,1,original_1_17.png,1,original_1_4.png,genuine
train,1,original_1_12.png,1,original_1_23.png,genuine
train,1,original_1_2.png,1,original_1_24.png,genuine
train,1,original_1_10.png,1,original_1_12.png,genuine
train,1,original_1_10.png,1,original_1_24.png,genuine
train,1,original_1_11.png,1,original_1_15.png,genuine
train,1,original_1_19.png,1,original_1_21.png,genuine
train,1,original_1_10.png,1,original_1_17.png,genuine
train,1,original_1_3.png,1,original_1_8.png,genuine
train,1,original_1_14.png,1,original_1_19.png,genuine
train,1,original_1_1.png,1,original_1_6.png,genuine
train,1,original_1_10.png,1,original_1_9.png,genuine
train,1,original_1_21.png,1,original_1_23.png,genuine
train,1,original_1_20.png,1,original_1_3.png,genuine
train,1,original_1_10.png,1,original_1_22.png,genuine
train,1,original_1_15.png,1,original_1_16.png,genuine
train,1,original_1_11.png,1,original_1_13.png,genuine
train,1,original_1_20.png,1,original_1_6.png,genuine
train,1,original_1_10.png,1,original_1_18.png,genuine
train,1,original_1_11.png,1,original_1_7.png,genuine
train,1,original_1_14.png,1,original_1_23.png,genuine
train,1,original_1_17.png,1,original_1_22.png,genuine
train,1,original_1_17.png,1,original_1_21.png,genuine
train,1,original_1_16.png,1,original_1_3.png,genuine
train,1,original_1_23.png,1,original_1_4.png,genuine
train,1,original_1_1.png,1,original_1_24.png,genuine
train,1,original_1_16.png,1,original_1_23.png,genuine
train,1,original_1_24.png,1,original_1_7.png,genuine
train,1,original_1_13.png,1,original_1_6.png,genuine
train,1,original_1_1.png,1,original_1_21.png,genuine
train,1,original_1_11.png,1,original_1_22.png,genuine
train,1,original_1_1.png,1,original_1_20.png,genuine
train,1,original_1_16.png,1,original_1_19.png,genuine
train,1,original_1_20.png,1,original_1_8.png,genuine
train,1,original_1_10.png,1,original_1_21.png,genuine
train,1,original_1_12.png,1,original_1_20.png,genuine
train,1,original_1_14.png,1,original_1_17.png,genuine
train,1,original_1_10.png,1,original_1_23.png,genuine
train,1,original_1_15.png,1,original_1_8.png,genuine
train,1,original_1_3.png,1,original_1_6.png,genuine
train,1,original_1_16.png,1,original_1_22.png,genuine
train,1,original_1_12.png,1,original_1_24.png,genuine
train,1,original_1_16.png,1,original_1_2.png,genuine
train,1,original_1_2.png,1,original_1_8.png,genuine
train,1,original_1_18.png,1,original_1_21.png,genuine
train,1,original_1_5.png,1,original_1_7.png,genuine
train,1,original_1_10.png,1,original_1_14.png,genuine
train,1,original_1_16.png,1,original_1_24.png,genuine
train,4,original_4_13.png,4,original_4_23.png,genuine
train,4,original_4_19.png,4,original_4_24.png,genuine
train,4,original_4_11.png,4,original_4_16.png,genuine
train,4,original_4_10.png,4,original_4_2.png,genuine
train,4,original_4_10.png,4,original_4_18.png,genuine
train,4,original_4_14.png,4,original_4_15.png,genuine
train,4,original_4_24.png,4,original_4_9.png,genuine
train,4,original_4_20.png,4,original_4_7.png,genuine
train,4,original_4_17.png,4,original_4_21.png,genuine
train,4,original_4_22.png,4,original_4_8.png,genuine
train,4,original_4_22.png,4,original_4_24.png,genuine
train,4,original_4_19.png,4,original_4_2.png,genuine
train,4,original_4_16.png,4,original_4_7.png,genuine
train,4,original_4_15.png,4,original_4_2.png,genuine
train,4,original_4_13.png,4,original_4_2.png,genuine
train,4,original_4_15.png,4,original_4_17.png,genuine
train,4,original_4_10.png,4,original_4_6.png,genuine
train,4,original_4_4.png,4,original_4_7.png,genuine
train,4,original_4_24.png,4,original_4_8.png,genuine
train,4,original_4_18.png,4,original_4_22.png,genuine
train,4,original_4_21.png,4,original_4_8.png,genuine
train,4,original_4_12.png,4,original_4_2.png,genuine
train,4,original_4_16.png,4,original_4_9.png,genuine
train,4,original_4_24.png,4,original_4_5.png,genuine
train,4,original_4_1.png,4,original_4_5.png,genuine
train,4,original_4_6.png,4,original_4_8.png,genuine
train,4,original_4_15.png,4,original_4_23.png,genuine
train,4,original_4_14.png,4,original_4_17.png,genuine
train,4,original_4_10.png,4,original_4_7.png,genuine
train,4,original_4_19.png,4,original_4_5.png,genuine
train,4,original_4_13.png,4,original_4_15.png,genuine
train,4,original_4_10.png,4,original_4_3.png,genuine
train,4,original_4_5.png,4,original_4_6.png,genuine
train,4,original_4_15.png,4,original_4_18.png,genuine
train,4,original_4_24.png,4,original_4_3.png,genuine
train,4,original_4_1.png,4,original_4_2.png,genuine
train,4,original_4_18.png,4,original_4_19.png,genuine
train,4,original_4_1.png,4,original_4_6.png,genuine
train,4,original_4_19.png,4,original_4_7.png,genuine
train,4,original_4_16.png,4,original_4_19.png,genuine
train,4,original_4_16.png,4,original_4_22.png,genuine
train,4,original_4_2.png,4,original_4_24.png,genuine
train,4,original_4_21.png,4,original_4_3.png,genuine
train,4,original_4_2.png,4,original_4_9.png,genuine
train,4,original_4_12.png,4,original_4_4.png,genuine
train,4,original_4_23.png,4,original_4_7.png,genuine
train,4,original_4_18.png,4,original_4_24.png,genuine
train,4,original_4_13.png,4,original_4_17.png,genuine
train,5,original_5_24.png,5,original_5_9.png,genuine
train,5,original_5_22.png,5,original_5_3.png,genuine
train,5,original_5_10.png,5,original_5_22.png,genuine
train,5,original_5_11.png,5,original_5_14.png,genuine
train,5,original_5_15.png,5,original_5_8.png,genuine
train,5,original_5_23.png,5,original_5_4.png,genuine
train,5,original_5_10.png,5,original_5_20.png,genuine
train,5,original_5_10.png,5,original_5_19.png,genuine
train,5,original_5_17.png,5,original_5_2.png,genuine
train,5,original_5_21.png,5,original_5_7.png,genuine
train,5,original_5_16.png,5,original_5_21.png,genuine
train,5,original_5_19.png,5,original_5_9.png,genuine
train,5,original_5_18.png,5,original_5_24.png,genuine
train,5,original_5_1.png,5,original_5_20.png,genuine
train,5,original_5_22.png,5,original_5_6.png,genuine
train,5,original_5_18.png,5,original_5_6.png,genuine
train,5,original_5_13.png,5,original_5_14.png,genuine
train,5,original_5_11.png,5,original_5_3.png,genuine
train,5,original_5_24.png,5,original_5_7.png,genuine
train,5,original_5_10.png,5,original_5_18.png,genuine
train,5,original_5_14.png,5,original_5_20.png,genuine
train,5,original_5_19.png,5,original_5_8.png,genuine
train,5,original_5_12.png,5,original_5_2.png,genuine
train,5,original_5_5.png,5,original_5_9.png,genuine
train,5,original_5_19.png,5,original_5_23.png,genuine
train,5,original_5_11.png,5,original_5_7.png,genuine
train,5,original_5_13.png,5,original_5_6.png,genuine
train,5,original_5_13.png,5,original_5_5.png,genuine
train,5,original_5_22.png,5,original_5_4.png,genuine
train,5,original_5_21.png,5,original_5_24.png,genuine
train,5,original_5_15.png,5,original_5_2.png,genuine
train,5,original_5_1.png,5,original_5_7.png,genuine
train,5,original_5_10.png,5,original_5_7.png,genuine
train,5,original_5_14.png,5,original_5_23.png,genuine
train,5,original_5_13.png,5,original_5_7.png,genuine
train,5,original_5_16.png,5,original_5_17.png,genuine
train,5,original_5_12.png,5,original_5_18.png,genuine
train,5,original_5_21.png,5,original_5_5.png,genuine
train,5,original_5_7.png,5,original_5_8.png,genuine
train,5,original_5_2.png,5,original_5_9.png,genuine
train,5,original_5_14.png,5,original_5_2.png,genuine
train,5,original_5_21.png,5,original_5_22.png,genuine
train,5,original_5_23.png,5,original_5_24.png,genuine
train,5,original_5_22.png,5,original_5_9.png,genuine
train,5,original_5_18.png,5,original_5_5.png,genuine
train,5,original_5_14.png,5,original_5_16.png,genuine
train,5,original_5_13.png,5,original_5_19.png,genuine
train,5,original_5_18.png,5,original_5_21.png,genuine
train,10,original_10_19.png,10,original_10_6.png,genuine
train,10,original_10_14.png,10,original_10_5.png,genuine
train,10,original_10_12.png,10,original_10_23.png,genuine
train,10,original_10_10.png,10,original_10_7.png,genuine
train,10,original_10_13.png,10,original_10_18.png,genuine
train,10,original_10_7.png,10,original_10_8.png,genuine
train,10,original_10_7.png,10,original_10_9.png,genuine
train,10,original_10_14.png,10,original_10_6.png,genuine
train,10,original_10_1.png,10,original_10_16.png,genuine
train,10,original_10_24.png,10,original_10_3.png,genuine
train,10,original_10_13.png,10,original_10_20.png,genuine
train,10,original_10_15.png,10,original_10_4.png,genuine
train,10,original_10_16.png,10,original_10_20.png,genuine
train,10,original_10_1.png,10,original_10_12.png,genuine
train,10,original_10_12.png,10,original_10_20.png,genuine
train,10,original_10_20.png,10,original_10_3.png,genuine
train,10,original_10_19.png,10,original_10_23.png,genuine
train,10,original_10_17.png,10,original_10_24.png,genuine
train,10,original_10_11.png,10,original_10_8.png,genuine
train,10,original_10_10.png,10,original_10_15.png,genuine
train,10,original_10_22.png,10,original_10_3.png,genuine
train,10,original_10_21.png,10,original_10_9.png,genuine
train,10,original_10_21.png,10,original_10_23.png,genuine
train,10,original_10_2.png,10,original_10_21.png,genuine
train,10,original_10_23.png,10,original_10_5.png,genuine
train,10,original_10_21.png,10,original_10_24.png,genuine
train,10,original_10_18.png,10,original_10_21.png,genuine
train,10,original_10_2.png,10,original_10_4.png,genuine
train,10,original_10_16.png,10,original_10_2.png,genuine
train,10,original_10_13.png,10,original_10_5.png,genuine
train,10,original_10_13.png,10,original_10_6.png,genuine
train,10,original_10_13.png,10,original_10_7.png,genuine
train,10,original_10_23.png,10,original_10_8.png,genuine
train,10,original_10_10.png,10,original_10_14.png,genuine
train,10,original_10_15.png,10,original_10_16.png,genuine
train,10,original_10_17.png,10,original_10_23.png,genuine
train,10,original_10_23.png,10,original_10_6.png,genuine
train,10,original_10_1.png,10,original_10_24.png,genuine
train,10,original_10_11.png,10,original_10_15.png,genuine
train,10,original_10_1.png,10,original_10_4.png,genuine
train,10,original_10_11.png,10,original_10_2.png,genuine
train,10,original_10_14.png,10,original_10_21.png,genuine
train,10,original_10_10.png,10,original_10_6.png,genuine
train,10,original_10_10.png,10,original_10_16.png,genuine
train,10,original_10_13.png,10,original_10_15.png,genuine
train,10,original_10_16.png,10,original_10_7.png,genuine
train,10,original_10_1.png,10,original_10_22.png,genuine
train,10,original_10_23.png,10,original_10_4.png,genuine
train,11,original_11_1.png,11,original_11_10.png,genuine
train,11,original_11_12.png,11,original_11_23.png,genuine
train,11,original_11_11.png,11,original_11_18.png,genuine
train,11,original_11_19.png,11,original_11_20.png,genuine
train,11,original_11_1.png,11,original_11_22.png,genuine
train,11,original_11_10.png,11,original_11_23.png,genuine
train,11,original_11_14.png,11,original_11_16.png,genuine
train,11,original_11_19.png,11,original_11_4.png,genuine
train,11,original_11_12.png,11,original_11_22.png,genuine
train,11,original_11_15.png,11,original_11_21.png,genuine
train,11,original_11_18.png,11,original_11_24.png,genuine
train,11,original_11_6.png,11,original_11_9.png,genuine
train,11,original_11_23.png,11,original_11_4.png,genuine
train,11,original_11_11.png,11,original_11_6.png,genuine
train,11,original_11_11.png,11,original_11_3.png,genuine
train,11,original_11_24.png,11,original_11_4.png,genuine
train,11,original_11_22.png,11,original_11_8.png,genuine
train,11,original_11_23.png,11,original_11_7.png,genuine
train,11,original_11_23.png,11,original_11_9.png,genuine
train,11,original_11_17.png,11,original_11_20.png,genuine
train,11,original_11_10.png,11,original_11_8.png,genuine
train,11,original_11_6.png,11,original_11_7.png,genuine
train,11,original_11_10.png,11,original_11_14.png,genuine
train,11,original_11_19.png,11,original_11_3.png,genuine
train,11,original_11_13.png,11,original_11_15.png,genuine
train,11,original_11_19.png,11,original_11_23.png,genuine
train,11,original_11_12.png,11,original_11_14.png,genuine
train,11,original_11_14.png,11,original_11_9.png,genuine
train,11,original_11_20.png,11,original_11_23.png,genuine
train,11,original_11_4.png,11,original_11_9.png,genuine
train,11,original_11_10.png,11,original_11_6.png,genuine
train,11,original_11_15.png,11,original_11_24.png,genuine
train,11,original_11_1.png,11,original_11_15.png,genuine
train,11,original_11_11.png,11,original_11_19.png,genuine
train,11,original_11_15.png,11,original_11_5.png,genuine
train,11,original_11_13.png,11,original_11_2.png,genuine
train,11,original_11_10.png,11,original_11_24.png,genuine
train,11,original_11_18.png,11,original_11_23.png,genuine
train,11,original_11_15.png,11,original_11_9.png,genuine
train,11,original_11_22.png,11,original_11_4.png,genuine
train,11,original_11_1.png,11,original_11_16.png,genuine
train,11,original_11_19.png,11,original_11_6.png,genuine
train,11,original_11_23.png,11,original_11_3.png,genuine
train,11,original_11_5.png,11,original_11_7.png,genuine
train,11,original_11_17.png,11,original_11_3.png,genuine
train,11,original_11_21.png,11,original_11_22.png,genuine
train,11,original_11_10.png,11,original_11_11.png,genuine
train,11,original_11_18.png,11,original_11_3.png,genuine
train,12,original_12_15.png,12,original_12_3.png,genuine
train,12,original_12_4.png,12,original_12_9.png,genuine
train,12,original_12_19.png,12,original_12_21.png,genuine
train,12,original_12_12.png,12,original_12_9.png,genuine
train,12,original_12_18.png,12,original_12_7.png,genuine
train,12,original_12_14.png,12,original_12_23.png,genuine
train,12,original_12_3.png,12,original_12_6.png,genuine
train,12,original_12_17.png,12,original_12_7.png,genuine
train,12,original_12_6.png,12,original_12_7.png,genuine
train,12,original_12_13.png,12,original_12_4.png,genuine
train,12,original_12_14.png,12,original_12_9.png,genuine
train,12,original_12_2.png,12,original_12_5.png,genuine
train,12,original_12_14.png,12,original_12_3.png,genuine
train,12,original_12_13.png,12,original_12_7.png,genuine
train,12,original_12_24.png,12,original_12_7.png,genuine
train,12,original_12_6.png,12,original_12_8.png,genuine
train,12,original_12_1.png,12,original_12_23.png,genuine
train,12,original_12_3.png,12,original_12_8.png,genuine
train,12,original_12_16.png,12,original_12_2.png,genuine
train,12,original_12_23.png,12,original_12_3.png,genuine
train,12,original_12_15.png,12,original_12_24.png,genuine
train,12,original_12_11.png,12,original_12_16.png,genuine
train,12,original_12_18.png,12,original_12_24.png,genuine
train,12,original_12_16.png,12,original_12_8.png,genuine
train,12,original_12_23.png,12,original_12_6.png,genuine
train,12,original_12_13.png,12,original_12_16.png,genuine
train,12,original_12_5.png,12,original_12_7.png,genuine
train,12,original_12_2.png,12,original_12_6.png,genuine
train,12,original_12_22.png,12,original_12_9.png,genuine
train,12,original_12_19.png,12,original_12_2.png,genuine
train,12,original_12_13.png,12,original_12_17.png,genuine
train,12,original_12_24.png,12,original_12_6.png,genuine
train,12,original_12_13.png,12,original_12_20.png,genuine
train,12,original_12_1.png,12,original_12_7.png,genuine
train,12,original_12_11.png,12,original_12_22.png,genuine
train,12,original_12_10.png,12,original_12_14.png,genuine
train,12,original_12_11.png,12,original_12_24.png,genuine
train,12,original_12_14.png,12,original_12_7.png,genuine
train,12,original_12_11.png,12,original_12_17.png,genuine
train,12,original_12_13.png,12,original_12_14.png,genuine
train,12,original_12_11.png,12,original_12_19.png,genuine
train,12,original_12_15.png,12,original_12_16.png,genuine
train,12,original_12_17.png,12,original_12_20.png,genuine
train,12,original_12_21.png,12,original_12_9.png,genuine
train,12,original_12_17.png,12,original_12_18.png,genuine
train,12,original_12_20.png,12,original_12_4.png,genuine
train,12,original_12_1.png,12,original_12_10.png,genuine
train,12,original_12_7.png,12,original_12_9.png,genuine
train,13,original_13_18.png,13,original_13_23.png,genuine
train,13,original_13_10.png,13,original_13_8.png,genuine
train,13,original_13_11.png,13,original_13_5.png,genuine
train,13,original_13_2.png,13,original_13_20.png,genuine
train,13,original_13_13.png,13,original_13_7.png,genuine
train,13,original_13_23.png,13,original_13_6.png,genuine
train,13,original_13_13.png,13,original_13_19.png,genuine
train,13,original_13_21.png,13,original_13_23.png,genuine
train,13,original_13_17.png,13,original_13_9.png,genuine
train,13,original_13_10.png,13,original_13_9.png,genuine
train,13,original_13_2.png,13,original_13_24.png,genuine
train,13,original_13_22.png,13,original_13_7.png,genuine
train,13,original_13_2.png,13,original_13_5.png,genuine
train,13,original_13_7.png,13,original_13_9.png,genuine
train,13,original_13_12.png,13,original_13_5.png,genuine
train,13,original_13_13.png,13,original_13_15.png,genuine
train,13,original_13_11.png,13,original_13_9.png,genuine
train,13,original_13_1.png,13,original_13_23.png,genuine
train,13,original_13_12.png,13,original_13_23.png,genuine
train,13,original_13_22.png,13,original_13_8.png,genuine
train,13,original_13_12.png,13,original_13_20.png,genuine
train,13,original_13_17.png,13,original_13_18.png,genuine
train,13,original_13_20.png,13,original_13_22.png,genuine
train,13,original_13_16.png,13,original_13_6.png,genuine
train,13,original_13_24.png,13,original_13_5.png,genuine
train,13,original_13_14.png,13,original_13_8.png,genuine
train,13,original_13_17.png,13,original_13_7.png,genuine
train,13,original_13_22.png,13,original_13_9.png,genuine
train,13,original_13_13.png,13,original_13_17.png,genuine
train,13,original_13_10.png,13,original_13_4.png,genuine
train,13,original_13_16.png,13,original_13_17.png,genuine
train,13,original_13_23.png,13,original_13_7.png,genuine
train,13,original_13_10.png,13,original_13_20.png,genuine
train,13,original_13_1.png,13,original_13_15.png,genuine
train,13,original_13_1.png,13,original_13_13.png,genuine
train,13,original_13_2.png,13,original_13_4.png,genuine
train,13,original_13_19.png,13,original_13_2.png,genuine
train,13,original_13_17.png,13,original_13_5.png,genuine
train,13,original_13_10.png,13,original_13_14.png,genuine
train,13,original_13_15.png,13,original_13_4.png,genuine
train,13,original_13_19.png,13,original_13_3.png,genuine
train,13,original_13_10.png,13,original_13_22.png,genuine
train,13,original_13_14.png,13,original_13_20.png,genuine
train,13,original_13_21.png,13,original_13_24.png,genuine
train,13,original_13_11.png,13,original_13_16.png,genuine
train,13,original_13_24.png,13,original_13_8.png,genuine
train,13,original_13_22.png,13,original_13_24.png,genuine
train,13,original_13_11.png,13,original_13_20.png,genuine
train,17,original_17_1.png,17,original_17_23.png,genuine
train,17,original_17_15.png,17,original_17_20.png,genuine
train,17,original_17_14.png,17,original_17_18.png,genuine
train,17,original_17_16.png,17,original_17_3.png,genuine
train,17,original_17_3.png,17,original_17_5.png,genuine
train,17,original_17_15.png,17,original_17_16.png,genuine
train,17,original_17_17.png,17,original_17_5.png,genuine
train,17,original_17_15.png,17,original_17_24.png,genuine
train,17,original_17_20.png,17,original_17_3.png,genuine
train,17,original_17_12.png,17,original_17_14.png,genuine
train,17,original_17_10.png,17,original_17_19.png,genuine
train,17,original_17_18.png,17,original_17_6.png,genuine
train,17,original_17_22.png,17,original_17_4.png,genuine
train,17,original_17_20.png,17,original_17_4.png,genuine
train,17,original_17_6.png,17,original_17_8.png,genuine
train,17,original_17_12.png,17,original_17_13.png,genuine
train,17,original_17_12.png,17,original_17_23.png,genuine
train,17,original_17_1.png,17,original_17_19.png,genuine
train,17,original_17_21.png,17,original_17_4.png,genuine
train,17,original_17_13.png,17,original_17_20.png,genuine
train,17,original_17_1.png,17,original_17_12.png,genuine
train,17,original_17_2.png,17,original_17_20.png,genuine
train,17,original_17_2.png,17,original_17_4.png,genuine
train,17,original_17_10.png,17,original_17_3.png,genuine
train,17,original_17_10.png,17,original_17_9.png,genuine
train,17,original_17_10.png,17,original_17_23.png,genuine
train,17,original_17_14.png,17,original_17_8.png,genuine
train,17,original_17_17.png,17,original_17_2.png,genuine
train,17,original_17_19.png,17,original_17_2.png,genuine
train,17,original_17_10.png,17,original_17_18.png,genuine
train,17,original_17_16.png,17,original_17_19.png,genuine
train,17,original_17_1.png,17,original_17_24.png,genuine
train,17,original_17_12.png,17,original_17_7.png,genuine
train,17,original_17_18.png,17,original_17_21.png,genuine
train,17,original_17_5.png,17,original_17_8.png,genuine
train,17,original_17_15.png,17,original_17_5.png,genuine
train,17,original_17_23.png,17,original_17_7.png,genuine
train,17,original_17_6.png,17,original_17_7.png,genuine
train,17,original_17_2.png,17,original_17_22.png,genuine
train,17,original_17_24.png,17,original_17_9.png,genuine
train,17,original_17_10.png,17,original_17_15.png,genuine
train,17,original_17_21.png,17,original_17_5.png,genuine
train,17,original_17_16.png,17,original_17_2.png,genuine
train,17,original_17_8.png,17,original_17_9.png,genuine
train,17,original_17_11.png,17,original_17_7.png,genuine
train,17,original_17_11.png,17,original_17_15.png,genuine
train,17,original_17_12.png,17,original_17_17.png,genuine
train,17,original_17_1.png,17,original_17_2.png,genuine
train,19,original_19_11.png,19,original_19_17.png,genuine
train,19,original_19_3.png,19,original_19_8.png,genuine
train,19,original_19_22.png,19,original_19_23.png,genuine
train,19,original_19_1.png,19,original_19_23.png,genuine
train,19,original_19_10.png,19,original_19_2.png,genuine
train,19,original_19_21.png,19,original_19_5.png,genuine
train,19,original_19_17.png,19,original_19_5.png,genuine
train,19,original_19_3.png,19,original_19_7.png,genuine
train,19,original_19_4.png,19,original_19_6.png,genuine
train,19,original_19_13.png,19,original_19_7.png,genuine
train,19,original_19_16.png,19,original_19_18.png,genuine
train,19,original_19_7.png,19,original_19_8.png,genuine
train,19,original_19_3.png,19,original_19_9.png,genuine
train,19,original_19_23.png,19,original_19_6.png,genuine
train,19,original_19_7.png,19,original_19_9.png,genuine
train,19,original_19_15.png,19,original_19_19.png,genuine
train,19,original_19_15.png,19,original_19_24.png,genuine
train,19,original_19_13.png,19,original_19_8.png,genuine
train,19,original_19_21.png,19,original_19_8.png,genuine
train,19,original_19_12.png,19,original_19_17.png,genuine
train,19,original_19_20.png,19,original_19_24.png,genuine
train,19,original_19_10.png,19,original_19_19.png,genuine
train,19,original_19_13.png,19,original_19_5.png,genuine
train,19,original_19_14.png,19,original_19_22.png,genuine
train,19,original_19_12.png,19,original_19_4.png,genuine
train,19,original_19_1.png,19,original_19_5.png,genuine
train,19,original_19_18.png,19,original_19_19.png,genuine
train,19,original_19_11.png,19,original_19_5.png,genuine
train,19,original_19_14.png,19,original_19_19.png,genuine
train,19,original_19_24.png,19,original_19_5.png,genuine
train,19,original_19_11.png,19,original_19_20.png,genuine
train,19,original_19_24.png,19,original_19_4.png,genuine
train,19,original_19_12.png,19,original_19_23.png,genuine
train,19,original_19_2.png,19,original_19_22.png,genuine
train,19,original_19_24.png,19,original_19_9.png,genuine
train,19,original_19_3.png,19,original_19_6.png,genuine
train,19,original_19_2.png,19,original_19_20.png,genuine
train,19,original_19_10.png,19,original_19_4.png,genuine
train,19,original_19_18.png,19,original_19_8.png,genuine
train,19,original_19_17.png,19,original_19_3.png,genuine
train,19,original_19_17.png,19,original_19_8.png,genuine
train,19,original_19_13.png,19,original_19_20.png,genuine
train,19,original_19_10.png,19,original_19_23.png,genuine
train,19,original_19_11.png,19,original_19_8.png,genuine
train,19,original_19_6.png,19,original_19_7.png,genuine
train,19,original_19_10.png,19,original_19_22.png,genuine
train,19,original_19_14.png,19,original_19_6.png,genuine
train,19,original_19_11.png,19,original_19_22.png,genuine
train,20,original_20_11.png,20,original_20_15.png,genuine
train,20,original_20_2.png,20,original_20_3.png,genuine
train,20,original_20_24.png,20,original_20_4.png,genuine
train,20,original_20_12.png,20,original_20_7.png,genuine
train,20,original_20_14.png,20,original_20_23.png,genuine
train,20,original_20_12.png,20,original_20_6.png,genuine
train,20,original_20_20.png,20,original_20_9.png,genuine
train,20,original_20_4.png,20,original_20_7.png,genuine
train,20,original_20_2.png,20,original_20_6.png,genuine
train,20,original_20_18.png,20,original_20_20.png,genuine
train,20,original_20_20.png,20,original_20_4.png,genuine
train,20,original_20_13.png,20,original_20_5.png,genuine
train,20,original_20_18.png,20,original_20_7.png,genuine
train,20,original_20_17.png,20,original_20_24.png,genuine
train,20,original_20_11.png,20,original_20_14.png,genuine
train,20,original_20_19.png,20,original_20_21.png,genuine
train,20,original_20_1.png,20,original_20_19.png,genuine
train,20,original_20_5.png,20,original_20_6.png,genuine
train,20,original_20_22.png,20,original_20_4.png,genuine
train,20,original_20_21.png,20,original_20_4.png,genuine
train,20,original_20_3.png,20,original_20_8.png,genuine
train,20,original_20_13.png,20,original_20_3.png,genuine
train,20,original_20_12.png,20,original_20_8.png,genuine
train,20,original_20_15.png,20,original_20_24.png,genuine
train,20,original_20_17.png,20,original_20_20.png,genuine
train,20,original_20_12.png,20,original_20_21.png,genuine
train,20,original_20_15.png,20,original_20_23.png,genuine
train,20,original_20_23.png,20,original_20_7.png,genuine
train,20,original_20_1.png,20,original_20_3.png,genuine
train,20,original_20_10.png,20,original_20_16.png,genuine
train,20,original_20_22.png,20,original_20_5.png,genuine
train,20,original_20_2.png,20,original_20_23.png,genuine
train,20,original_20_11.png,20,original_20_24.png,genuine
train,20,original_20_21.png,20,original_20_3.png,genuine
train,20,original_20_10.png,20,original_20_14.png,genuine
train,20,original_20_1.png,20,original_20_8.png,genuine
train,20,original_20_12.png,20,original_20_14.png,genuine
train,20,original_20_12.png,20,original_20_16.png,genuine
train,20,original_20_1.png,20,original_20_2.png,genuine
train,20,original_20_22.png,20,original_20_23.png,genuine
train,20,original_20_2.png,20,original_20_21.png,genuine
train,20,original_20_11.png,20,original_20_13.png,genuine
train,20,original_20_22.png,20,original_20_8.png,genuine
train,20,original_20_19.png,20,original_20_5.png,genuine
train,20,original_20_10.png,20,original_20_20.png,genuine
train,20,original_20_2.png,20,original_20_9.png,genuine
train,20,original_20_14.png,20,original_20_18.png,genuine
train,20,original_20_20.png,20,original_20_6.png,genuine
train,21,original_21_15.png,21,original_21_24.png,genuine
train,21,original_21_2.png,21,original_21_7.png,genuine
train,21,original_21_12.png,21,original_21_22.png,genuine
train,21,original_21_4.png,21,original_21_7.png,genuine
train,21,original_21_24.png,21,original_21_8.png,genuine
train,21,original_21_17.png,21,original_21_6.png,genuine
train,21,original_21_11.png,21,original_21_12.png,genuine
train,21,original_21_16.png,21,original_21_19.png,genuine
train,21,original_21_10.png,21,original_21_17.png,genuine
train,21,original_21_13.png,21,original_21_20.png,genuine
train,21,original_21_20.png,21,original_21_6.png,genuine
train,21,original_21_10.png,21,original_21_24.png,genuine
train,21,original_21_15.png,21,original_21_7.png,genuine
train,21,original_21_1.png,21,original_21_18.png,genuine
train,21,original_21_5.png,21,original_21_9.png,genuine
train,21,original_21_15.png,21,original_21_3.png,genuine
train,21,original_21_10.png,21,original_21_7.png,genuine
train,21,original_21_14.png,21,original_21_22.png,genuine
train,21,original_21_10.png,21,original_21_21.png,genuine
train,21,original_21_15.png,21,original_21_5.png,genuine
train,21,original_21_11.png,21,original_21_6.png,genuine
train,21,original_21_14.png,21,original_21_3.png,genuine
train,21,original_21_1.png,21,original_21_12.png,genuine
train,21,original_21_13.png,21,original_21_14.png,genuine
train,21,original_21_16.png,21,original_21_18.png,genuine
train,21,original_21_14.png,21,original_21_16.png,genuine
train,21,original_21_22.png,21,original_21_7.png,genuine
train,21,original_21_22.png,21,original_21_4.png,genuine
train,21,original_21_12.png,21,original_21_15.png,genuine
train,21,original_21_17.png,21,original_21_20.png,genuine
train,21,original_21_10.png,21,original_21_20.png,genuine
train,21,original_21_1.png,21,original_21_20.png,genuine
train,21,original_21_15.png,21,original_21_4.png,genuine
train,21,original_21_18.png,21,original_21_6.png,genuine
train,21,original_21_11.png,21,original_21_5.png,genuine
train,21,original_21_23.png,21,original_21_24.png,genuine
train,21,original_21_10.png,21,original_21_16.png,genuine
train,21,original_21_10.png,21,original_21_6.png,genuine
train,21,original_21_12.png,21,original_21_14.png,genuine
train,21,original_21_1.png,21,original_21_21.png,genuine
train,21,original_21_11.png,21,original_21_13.png,genuine
train,21,original_21_11.png,21,original_21_18.png,genuine
train,21,original_21_12.png,21,original_21_3.png,genuine
train,21,original_21_17.png,21,original_21_21.png,genuine
train,21,original_21_12.png,21,original_21_24.png,genuine
train,21,original_21_3.png,21,original_21_5.png,genuine
train,21,original_21_19.png,21,original_21_6.png,genuine
train,21,original_21_11.png,21,original_21_19.png,genuine
train,22,original_22_16.png,22,original_22_24.png,genuine
train,22,original_22_21.png,22,original_22_7.png,genuine
train,22,original_22_3.png,22,original_22_5.png,genuine
train,22,original_22_13.png,22,original_22_19.png,genuine
train,22,original_22_15.png,22,original_22_8.png,genuine
train,22,original_22_18.png,22,original_22_24.png,genuine
train,22,original_22_1.png,22,original_22_19.png,genuine
train,22,original_22_15.png,22,original_22_20.png,genuine
train,22,original_22_1.png,22,original_22_5.png,genuine
train,22,original_22_1.png,22,original_22_17.png,genuine
train,22,original_22_5.png,22,original_22_9.png,genuine
train,22,original_22_3.png,22,original_22_7.png,genuine
train,22,original_22_13.png,22,original_22_24.png,genuine
train,22,original_22_23.png,22,original_22_5.png,genuine
train,22,original_22_15.png,22,original_22_18.png,genuine
train,22,original_22_7.png,22,original_22_9.png,genuine
train,22,original_22_11.png,22,original_22_20.png,genuine
train,22,original_22_21.png,22,original_22_22.png,genuine
train,22,original_22_24.png,22,original_22_8.png,genuine
train,22,original_22_2.png,22,original_22_23.png,genuine
train,22,original_22_17.png,22,original_22_19.png,genuine
train,22,original_22_18.png,22,original_22_23.png,genuine
train,22,original_22_11.png,22,original_22_21.png,genuine
train,22,original_22_24.png,22,original_22_6.png,genuine
train,22,original_22_11.png,22,original_22_24.png,genuine
train,22,original_22_13.png,22,original_22_15.png,genuine
train,22,original_22_11.png,22,original_22_17.png,genuine
train,22,original_22_20.png,22,original_22_24.png,genuine
train,22,original_22_21.png,22,original_22_4.png,genuine
train,22,original_22_18.png,22,original_22_5.png,genuine
train,22,original_22_19.png,22,original_22_20.png,genuine
train,22,original_22_17.png,22,original_22_23.png,genuine
train,22,original_22_10.png,22,original_22_22.png,genuine
train,22,original_22_13.png,22,original_22_8.png,genuine
train,22,original_22_13.png,22,original_22_16.png,genuine
train,22,original_22_1.png,22,original_22_22.png,genuine
train,22,original_22_20.png,22,original_22_3.png,genuine
train,22,original_22_10.png,22,original_22_20.png,genuine
train,22,original_22_1.png,22,original_22_13.png,genuine
train,22,original_22_5.png,22,original_22_7.png,genuine
train,22,original_22_17.png,22,original_22_21.png,genuine
train,22,original_22_19.png,22,original_22_23.png,genuine
train,22,original_22_23.png,22,original_22_9.png,genuine
train,22,original_22_11.png,22,original_22_9.png,genuine
train,22,original_22_14.png,22,original_22_2.png,genuine
train,22,original_22_10.png,22,original_22_6.png,genuine
train,22,original_22_1.png,22,original_22_23.png,genuine
train,22,original_22_1.png,22,original_22_8.png,genuine
train,23,original_23_19.png,23,original_23_7.png,genuine
train,23,original_23_3.png,23,original_23_8.png,genuine
train,23,original_23_16.png,23,original_23_20.png,genuine
train,23,original_23_15.png,23,original_23_17.png,genuine
train,23,original_23_16.png,23,original_23_4.png,genuine
train,23,original_23_10.png,23,original_23_11.png,genuine
train,23,original_23_22.png,23,original_23_5.png,genuine
train,23,original_23_13.png,23,original_23_21.png,genuine
train,23,original_23_12.png,23,original_23_4.png,genuine
train,23,original_23_15.png,23,original_23_7.png,genuine
train,23,original_23_21.png,23,original_23_7.png,genuine
train,23,original_23_1.png,23,original_23_11.png,genuine
train,23,original_23_15.png,23,original_23_4.png,genuine
train,23,original_23_19.png,23,original_23_20.png,genuine
train,23,original_23_17.png,23,original_23_7.png,genuine
train,23,original_23_17.png,23,original_23_4.png,genuine
train,23,original_23_15.png,23,original_23_18.png,genuine
train,23,original_23_1.png,23,original_23_4.png,genuine
train,23,original_23_17.png,23,original_23_2.png,genuine
train,23,original_23_14.png,23,original_23_20.png,genuine
train,23,original_23_18.png,23,original_23_7.png,genuine
train,23,original_23_11.png,23,original_23_13.png,genuine
train,23,original_23_1.png,23,original_23_10.png,genuine
train,23,original_23_12.png,23,original_23_9.png,genuine
train,23,original_23_13.png,23,original_23_24.png,genuine
train,23,original_23_1.png,23,original_23_8.png,genuine
train,23,original_23_14.png,23,original_23_8.png,genuine
train,23,original_23_12.png,23,original_23_18.png,genuine
train,23,original_23_15.png,23,original_23_20.png,genuine
train,23,original_23_17.png,23,original_23_6.png,genuine
train,23,original_23_11.png,23,original_23_18.png,genuine
train,23,original_23_11.png,23,original_23_7.png,genuine
train,23,original_23_15.png,23,original_23_21.png,genuine
train,23,original_23_2.png,23,original_23_20.png,genuine
train,23,original_23_4.png,23,original_23_8.png,genuine
train,23,original_23_6.png,23,original_23_7.png,genuine
train,23,original_23_12.png,23,original_23_14.png,genuine
train,23,original_23_2.png,23,original_23_9.png,genuine
train,23,original_23_1.png,23,original_23_9.png,genuine
train,23,original_23_10.png,23,original_23_23.png,genuine
train,23,original_23_13.png,23,original_23_7.png,genuine
train,23,original_23_6.png,23,original_23_8.png,genuine
train,23,original_23_1.png,23,original_23_2.png,genuine
train,23,original_23_13.png,23,original_23_5.png,genuine
train,23,original_23_1.png,23,original_23_15.png,genuine
train,23,original_23_12.png,23,original_23_22.png,genuine
train,23,original_23_12.png,23,original_23_23.png,genuine
train,23,original_23_17.png,23,original_23_22.png,genuine
train,24,original_24_14.png,24,original_24_6.png,genuine
train,24,original_24_10.png,24,original_24_8.png,genuine
train,24,original_24_6.png,24,original_24_7.png,genuine
train,24,original_24_12.png,24,original_24_3.png,genuine
train,24,original_24_2.png,24,original_24_21.png,genuine
train,24,original_24_17.png,24,original_24_5.png,genuine
train,24,original_24_24.png,24,original_24_8.png,genuine
train,24,original_24_12.png,24,original_24_22.png,genuine
train,24,original_24_16.png,24,original_24_21.png,genuine
train,24,original_24_12.png,24,original_24_20.png,genuine
train,24,original_24_1.png,24,original_24_9.png,genuine
train,24,original_24_4.png,24,original_24_6.png,genuine
train,24,original_24_20.png,24,original_24_8.png,genuine
train,24,original_24_3.png,24,original_24_7.png,genuine
train,24,original_24_12.png,24,original_24_18.png,genuine
train,24,original_24_4.png,24,original_24_8.png,genuine
train,24,original_24_1.png,24,original_24_18.png,genuine
train,24,original_24_14.png,24,original_24_4.png,genuine
train,24,original_24_7.png,24,original_24_9.png,genuine
train,24,original_24_1.png,24,original_24_24.png,genuine
train,24,original_24_1.png,24,original_24_8.png,genuine
train,24,original_24_10.png,24,original_24_21.png,genuine
train,24,original_24_17.png,24,original_24_24.png,genuine
train,24,original_24_13.png,24,original_24_2.png,genuine
train,24,original_24_23.png,24,original_24_7.png,genuine
train,24,original_24_10.png,24,original_24_14.png,genuine
train,24,original_24_13.png,24,original_24_23.png,genuine
train,24,original_24_20.png,24,original_24_24.png,genuine
train,24,original_24_14.png,24,original_24_24.png,genuine
train,24,original_24_16.png,24,original_24_19.png,genuine
train,24,original_24_1.png,24,original_24_21.png,genuine
train,24,original_24_17.png,24,original_24_21.png,genuine
train,24,original_24_1.png,24,original_24_14.png,genuine
train,24,original_24_23.png,24,original_24_6.png,genuine
train,24,original_24_15.png,24,original_24_6.png,genuine
train,24,original_24_18.png,24,original_24_21.png,genuine
train,24,original_24_11.png,24,original_24_6.png,genuine
train,24,original_24_15.png,24,original_24_18.png,genuine
train,24,original_24_12.png,24,original_24_14.png,genuine
train,24,original_24_1.png,24,original_24_10.png,genuine
train,24,original_24_14.png,24,original_24_3.png,genuine
train,24,original_24_2.png,24,original_24_4.png,genuine
train,24,original_24_1.png,24,original_24_4.png,genuine
train,24,original_24_19.png,24,original_24_3.png,genuine
train,24,original_24_15.png,24,original_24_20.png,genuine
train,24,original_24_21.png,24,original_24_8.png,genuine
train,24,original_24_15.png,24,original_24_7.png,genuine
train,24,original_24_10.png,24,original_24_11.png,genuine
train,25,original_25_5.png,25,original_25_9.png,genuine
train,25,original_25_10.png,25,original_25_20.png,genuine
train,25,original_25_23.png,25,original_25_4.png,genuine
train,25,original_25_15.png,25,original_25_21.png,genuine
train,25,original_25_10.png,25,original_25_3.png,genuine
train,25,original_25_15.png,25,original_25_5.png,genuine
train,25,original_25_14.png,25,original_25_7.png,genuine
train,25,original_25_14.png,25,original_25_15.png,genuine
train,25,original_25_14.png,25,original_25_5.png,genuine
train,25,original_25_22.png,25,original_25_5.png,genuine
train,25,original_25_24.png,25,original_25_7.png,genuine
train,25,original_25_19.png,25,original_25_7.png,genuine
train,25,original_25_10.png,25,original_25_4.png,genuine
train,25,original_25_23.png,25,original_25_7.png,genuine
train,25,original_25_16.png,25,original_25_23.png,genuine
train,25,original_25_10.png,25,original_25_11.png,genuine
train,25,original_25_13.png,25,original_25_6.png,genuine
train,25,original_25_4.png,25,original_25_7.png,genuine
train,25,original_25_12.png,25,original_25_21.png,genuine
train,25,original_25_17.png,25,original_25_8.png,genuine
train,25,original_25_15.png,25,original_25_22.png,genuine
train,25,original_25_17.png,25,original_25_5.png,genuine
train,25,original_25_19.png,25,original_25_24.png,genuine
train,25,original_25_18.png,25,original_25_24.png,genuine
train,25,original_25_12.png,25,original_25_23.png,genuine
train,25,original_25_17.png,25,original_25_20.png,genuine
train,25,original_25_16.png,25,original_25_21.png,genuine
train,25,original_25_10.png,25,original_25_21.png,genuine
train,25,original_25_1.png,25,original_25_13.png,genuine
train,25,original_25_15.png,25,original_25_16.png,genuine
train,25,original_25_1.png,25,original_25_24.png,genuine
train,25,original_25_15.png,25,original_25_17.png,genuine
train,25,original_25_12.png,25,original_25_15.png,genuine
train,25,original_25_18.png,25,original_25_2.png,genuine
train,25,original_25_10.png,25,original_25_13.png,genuine
train,25,original_25_4.png,25,original_25_9.png,genuine
train,25,original_25_11.png,25,original_25_21.png,genuine
train,25,original_25_7.png,25,original_25_8.png,genuine
train,25,original_25_15.png,25,original_25_18.png,genuine
train,25,original_25_12.png,25,original_25_20.png,genuine
train,25,original_25_18.png,25,original_25_6.png,genuine
train,25,original_25_15.png,25,original_25_24.png,genuine
train,25,original_25_12.png,25,original_25_2.png,genuine
train,25,original_25_5.png,25,original_25_7.png,genuine
train,25,original_25_14.png,25,original_25_6.png,genuine
train,25,original_25_22.png,25,original_25_23.png,genuine
train,25,original_25_19.png,25,original_25_8.png,genuine
train,25,original_25_10.png,25,original_25_18.png,genuine
train,26,original_26_13.png,26,original_26_7.png,genuine
train,26,original_26_17.png,26,original_26_20.png,genuine
train,26,original_26_10.png,26,original_26_8.png,genuine
train,26,original_26_23.png,26,original_26_4.png,genuine
train,26,original_26_1.png,26,original_26_18.png,genuine
train,26,original_26_16.png,26,original_26_24.png,genuine
train,26,original_26_22.png,26,original_26_4.png,genuine
train,26,original_26_10.png,26,original_26_4.png,genuine
train,26,original_26_3.png,26,original_26_8.png,genuine
train,26,original_26_21.png,26,original_26_9.png,genuine
train,26,original_26_15.png,26,original_26_7.png,genuine
train,26,original_26_2.png,26,original_26_20.png,genuine
train,26,original_26_14.png,26,original_26_17.png,genuine
train,26,original_26_4.png,26,original_26_7.png,genuine
train,26,original_26_10.png,26,original_26_3.png,genuine
train,26,original_26_11.png,26,original_26_13.png,genuine
train,26,original_26_12.png,26,original_26_19.png,genuine
train,26,original_26_15.png,26,original_26_4.png,genuine
train,26,original_26_18.png,26,original_26_9.png,genuine
train,26,original_26_12.png,26,original_26_14.png,genuine
train,26,original_26_16.png,26,original_26_2.png,genuine
train,26,original_26_21.png,26,original_26_6.png,genuine
train,26,original_26_10.png,26,original_26_16.png,genuine
train,26,original_26_18.png,26,original_26_5.png,genuine
train,26,original_26_13.png,26,original_26_20.png,genuine
train,26,original_26_11.png,26,original_26_3.png,genuine
train,26,original_26_15.png,26,original_26_2.png,genuine
train,26,original_26_21.png,26,original_26_8.png,genuine
train,26,original_26_21.png,26,original_26_3.png,genuine
train,26,original_26_15.png,26,original_26_17.png,genuine
train,26,original_26_13.png,26,original_26_5.png,genuine
train,26,original_26_1.png,26,original_26_16.png,genuine
train,26,original_26_10.png,26,original_26_5.png,genuine
train,26,original_26_1.png,26,original_26_10.png,genuine
train,26,original_26_15.png,26,original_26_18.png,genuine
train,26,original_26_18.png,26,original_26_21.png,genuine
train,26,original_26_14.png,26,original_26_24.png,genuine
train,26,original_26_13.png,26,original_26_8.png,genuine
train,26,original_26_12.png,26,original_26_23.png,genuine
train,26,original_26_19.png,26,original_26_20.png,genuine
train,26,original_26_10.png,26,original_26_23.png,genuine
train,26,original_26_14.png,26,original_26_16.png,genuine
train,26,original_26_13.png,26,original_26_16.png,genuine
train,26,original_26_13.png,26,original_26_23.png,genuine
train,26,original_26_12.png,26,original_26_4.png,genuine
train,26,original_26_10.png,26,original_26_18.png,genuine
train,26,original_26_20.png,26,original_26_4.png,genuine
train,26,original_26_12.png,26,original_26_8.png,genuine
train,27,original_27_1.png,27,original_27_10.png,genuine
train,27,original_27_17.png,27,original_27_5.png,genuine
train,27,original_27_18.png,27,original_27_20.png,genuine
train,27,original_27_2.png,27,original_27_3.png,genuine
train,27,original_27_11.png,27,original_27_5.png,genuine
train,27,original_27_13.png,27,original_27_5.png,genuine
train,27,original_27_1.png,27,original_27_16.png,genuine
train,27,original_27_16.png,27,original_27_24.png,genuine
train,27,original_27_15.png,27,original_27_21.png,genuine
train,27,original_27_19.png,27,original_27_24.png,genuine
train,27,original_27_10.png,27,original_27_20.png,genuine
train,27,original_27_2.png,27,original_27_23.png,genuine
train,27,original_27_2.png,27,original_27_21.png,genuine
train,27,original_27_10.png,27,original_27_4.png,genuine
train,27,original_27_18.png,27,original_27_9.png,genuine
train,27,original_27_20.png,27,original_27_8.png,genuine
train,27,original_27_16.png,27,original_27_17.png,genuine
train,27,original_27_10.png,27,original_27_12.png,genuine
train,27,original_27_16.png,27,original_27_2.png,genuine
train,27,original_27_11.png,27,original_27_19.png,genuine
train,27,original_27_10.png,27,original_27_14.png,genuine
train,27,original_27_20.png,27,original_27_24.png,genuine
train,27,original_27_17.png,27,original_27_8.png,genuine
train,27,original_27_12.png,27,original_27_2.png,genuine
train,27,original_27_17.png,27,original_27_23.png,genuine
train,27,original_27_22.png,27,original_27_9.png,genuine
train,27,original_27_10.png,27,original_27_3.png,genuine
train,27,original_27_11.png,27,original_27_7.png,genuine
train,27,original_27_12.png,27,original_27_15.png,genuine
train,27,original_27_14.png,27,original_27_20.png,genuine
train,27,original_27_15.png,27,original_27_22.png,genuine
train,27,original_27_12.png,27,original_27_4.png,genuine
train,27,original_27_11.png,27,original_27_15.png,genuine
train,27,original_27_19.png,27,original_27_9.png,genuine
train,27,original_27_13.png,27,original_27_22.png,genuine
train,27,original_27_2.png,27,original_27_22.png,genuine
train,27,original_27_14.png,27,original_27_19.png,genuine
train,27,original_27_21.png,27,original_27_5.png,genuine
train,27,original_27_1.png,27,original_27_17.png,genuine
train,27,original_27_2.png,27,original_27_7.png,genuine
train,27,original_27_19.png,27,original_27_6.png,genuine
train,27,original_27_17.png,27,original_27_22.png,genuine
train,27,original_27_13.png,27,original_27_7.png,genuine
train,27,original_27_21.png,27,original_27_3.png,genuine
train,27,original_27_16.png,27,original_27_18.png,genuine
train,27,original_27_3.png,27,original_27_8.png,genuine
train,27,original_27_3.png,27,original_27_5.png,genuine
train,27,original_27_4.png,27,original_27_5.png,genuine
train,29,original_29_10.png,29,original_29_6.png,genuine
train,29,original_29_10.png,29,original_29_13.png,genuine
train,29,original_29_20.png,29,original_29_21.png,genuine
train,29,original_29_21.png,29,original_29_9.png,genuine
train,29,original_29_12.png,29,original_29_17.png,genuine
train,29,original_29_16.png,29,original_29_22.png,genuine
train,29,original_29_24.png,29,original_29_3.png,genuine
train,29,original_29_7.png,29,original_29_9.png,genuine
train,29,original_29_11.png,29,original_29_9.png,genuine
train,29,original_29_13.png,29,original_29_15.png,genuine
train,29,original_29_23.png,29,original_29_3.png,genuine
train,29,original_29_20.png,29,original_29_23.png,genuine
train,29,original_29_18.png,29,original_29_22.png,genuine
train,29,original_29_16.png,29,original_29_20.png,genuine
train,29,original_29_16.png,29,original_29_6.png,genuine
train,29,original_29_15.png,29,original_29_22.png,genuine
train,29,original_29_15.png,29,original_29_3.png,genuine
train,29,original_29_2.png,29,original_29_7.png,genuine
train,29,original_29_14.png,29,original_29_9.png,genuine
train,29,original_29_16.png,29,original_29_8.png,genuine
train,29,original_29_23.png,29,original_29_9.png,genuine
train,29,original_29_16.png,29,original_29_19.png,genuine
train,29,original_29_18.png,29,original_29_19.png,genuine
train,29,original_29_13.png,29,original_29_5.png,genuine
train,29,original_29_10.png,29,original_29_18.png,genuine
train,29,original_29_10.png,29,original_29_7.png,genuine
train,29,original_29_17.png,29,original_29_3.png,genuine
train,29,original_29_8.png,29,original_29_9.png,genuine
train,29,original_29_1.png,29,original_29_6.png,genuine
train,29,original_29_11.png,29,original_29_2.png,genuine
train,29,original_29_15.png,29,original_29_20.png,genuine
train,29,original_29_22.png,29,original_29_23.png,genuine
train,29,original_29_3.png,29,original_29_7.png,genuine
train,29,original_29_15.png,29,original_29_2.png,genuine
train,29,original_29_16.png,29,original_29_17.png,genuine
train,29,original_29_11.png,29,original_29_22.png,genuine
train,29,original_29_14.png,29,original_29_24.png,genuine
train,29,original_29_22.png,29,original_29_24.png,genuine
train,29,original_29_12.png,29,original_29_9.png,genuine
train,29,original_29_19.png,29,original_29_6.png,genuine
train,29,original_29_22.png,29,original_29_9.png,genuine
train,29,original_29_14.png,29,original_29_19.png,genuine
train,29,original_29_10.png,29,original_29_22.png,genuine
train,29,original_29_4.png,29,original_29_9.png,genuine
train,29,original_29_11.png,29,original_29_16.png,genuine
train,29,original_29_11.png,29,original_29_6.png,genuine
train,29,original_29_10.png,29,original_29_11.png,genuine
train,29,original_29_10.png,29,original_29_9.png,genuine
train,30,original_30_18.png,30,original_30_22.png,genuine
train,30,original_30_11.png,30,original_30_13.png,genuine
train,30,original_30_17.png,30,original_30_24.png,genuine
train,30,original_30_14.png,30,original_30_9.png,genuine
train,30,original_30_19.png,30,original_30_22.png,genuine
train,30,original_30_15.png,30,original_30_24.png,genuine
train,30,original_30_13.png,30,original_30_8.png,genuine
train,30,original_30_1.png,30,original_30_2.png,genuine
train,30,original_30_20.png,30,original_30_22.png,genuine
train,30,original_30_19.png,30,original_30_8.png,genuine
train,30,original_30_5.png,30,original_30_7.png,genuine
train,30,original_30_14.png,30,original_30_17.png,genuine
train,30,original_30_19.png,30,original_30_4.png,genuine
train,30,original_30_15.png,30,original_30_8.png,genuine
train,30,original_30_18.png,30,original_30_20.png,genuine
train,30,original_30_10.png,30,original_30_19.png,genuine
train,30,original_30_3.png,30,original_30_4.png,genuine
train,30,original_30_16.png,30,original_30_19.png,genuine
train,30,original_30_18.png,30,original_30_9.png,genuine
train,30,original_30_11.png,30,original_30_8.png,genuine
train,30,original_30_14.png,30,original_30_2.png,genuine
train,30,original_30_10.png,30,original_30_11.png,genuine
train,30,original_30_12.png,30,original_30_16.png,genuine
train,30,original_30_21.png,30,original_30_8.png,genuine
train,30,original_30_11.png,30,original_30_7.png,genuine
train,30,original_30_13.png,30,original_30_3.png,genuine
train,30,original_30_13.png,30,original_30_7.png,genuine
train,30,original_30_17.png,30,original_30_4.png,genuine
train,30,original_30_14.png,30,original_30_23.png,genuine
train,30,original_30_3.png,30,original_30_8.png,genuine
train,30,original_30_23.png,30,original_30_6.png,genuine
train,30,original_30_12.png,30,original_30_3.png,genuine
train,30,original_30_20.png,30,original_30_6.png,genuine
train,30,original_30_2.png,30,original_30_8.png,genuine
train,30,original_30_21.png,30,original_30_24.png,genuine
train,30,original_30_1.png,30,original_30_15.png,genuine
train,30,original_30_10.png,30,original_30_2.png,genuine
train,30,original_30_1.png,30,original_30_18.png,genuine
train,30,original_30_14.png,30,original_30_18.png,genuine
train,30,original_30_18.png,30,original_30_6.png,genuine
train,30,original_30_19.png,30,original_30_7.png,genuine
train,30,original_30_24.png,30,original_30_7.png,genuine
train,30,original_30_2.png,30,original_30_5.png,genuine
train,30,original_30_14.png,30,original_30_8.png,genuine
train,30,original_30_16.png,30,original_30_4.png,genuine
train,30,original_30_15.png,30,original_30_18.png,genuine
train,30,original_30_1.png,30,original_30_10.png,genuine
train,30,original_30_1.png,30,original_30_5.png,genuine
train,31,original_31_2.png,31,original_31_22.png,genuine
train,31,original_31_6.png,31,original_31_7.png,genuine
train,31,original_31_22.png,31,original_31_9.png,genuine
train,31,original_31_21.png,31,original_31_8.png,genuine
train,31,original_31_15.png,31,original_31_2.png,genuine
train,31,original_31_11.png,31,original_31_21.png,genuine
train,31,original_31_14.png,31,original_31_23.png,genuine
train,31,original_31_12.png,31,original_31_3.png,genuine
train,31,original_31_12.png,31,original_31_23.png,genuine
train,31,original_31_7.png,31,original_31_9.png,genuine
train,31,original_31_22.png,31,original_31_4.png,genuine
train,31,original_31_10.png,31,original_31_8.png,genuine
train,31,original_31_1.png,31,original_31_7.png,genuine
train,31,original_31_1.png,31,original_31_10.png,genuine
train,31,original_31_11.png,31,original_31_8.png,genuine
train,31,original_31_14.png,31,original_31_6.png,genuine
train,31,original_31_1.png,31,original_31_6.png,genuine
train,31,original_31_16.png,31,original_31_9.png,genuine
train,31,original_31_11.png,31,original_31_9.png,genuine
train,31,original_31_15.png,31,original_31_20.png,genuine
train,31,original_31_21.png,31,original_31_24.png,genuine
train,31,original_31_18.png,31,original_31_3.png,genuine
train,31,original_31_19.png,31,original_31_7.png,genuine
train,31,original_31_10.png,31,original_31_16.png,genuine
train,31,original_31_10.png,31,original_31_13.png,genuine
train,31,original_31_1.png,31,original_31_5.png,genuine
train,31,original_31_12.png,31,original_31_22.png,genuine
train,31,original_31_15.png,31,original_31_4.png,genuine
train,31,original_31_23.png,31,original_31_3.png,genuine
train,31,original_31_16.png,31,original_31_3.png,genuine
train,31,original_31_11.png,31,original_31_16.png,genuine
train,31,original_31_13.png,31,original_31_4.png,genuine
train,31,original_31_12.png,31,original_31_13.png,genuine
train,31,original_31_11.png,31,original_31_23.png,genuine
train,31,original_31_2.png,31,original_31_24.png,genuine
train,31,original_31_16.png,31,original_31_7.png,genuine
train,31,original_31_4.png,31,original_31_6.png,genuine
train,31,original_31_1.png,31,original_31_12.png,genuine
train,31,original_31_15.png,31,original_31_7.png,genuine
train,31,original_31_5.png,31,original_31_7.png,genuine
train,31,original_31_14.png,31,original_31_4.png,genuine
train,31,original_31_12.png,31,original_31_18.png,genuine
train,31,original_31_12.png,31,original_31_4.png,genuine
train,31,original_31_17.png,31,original_31_4.png,genuine
train,31,original_31_20.png,31,original_31_3.png,genuine
train,31,original_31_21.png,31,original_31_5.png,genuine
train,31,original_31_11.png,31,original_31_6.png,genuine
train,31,original_31_14.png,31,original_31_8.png,genuine
train,32,original_32_5.png,32,original_32_9.png,genuine
train,32,original_32_14.png,32,original_32_7.png,genuine
train,32,original_32_15.png,32,original_32_19.png,genuine
train,32,original_32_1.png,32,original_32_23.png,genuine
train,32,original_32_20.png,32,original_32_21.png,genuine
train,32,original_32_17.png,32,original_32_19.png,genuine
train,32,original_32_10.png,32,original_32_16.png,genuine
train,32,original_32_1.png,32,original_32_20.png,genuine
train,32,original_32_13.png,32,original_32_4.png,genuine
train,32,original_32_3.png,32,original_32_4.png,genuine
train,32,original_32_20.png,32,original_32_4.png,genuine
train,32,original_32_10.png,32,original_32_6.png,genuine
train,32,original_32_15.png,32,original_32_23.png,genuine
train,32,original_32_14.png,32,original_32_3.png,genuine
train,32,original_32_20.png,32,original_32_6.png,genuine
train,32,original_32_19.png,32,original_32_23.png,genuine
train,32,original_32_4.png,32,original_32_6.png,genuine
train,32,original_32_24.png,32,original_32_7.png,genuine
train,32,original_32_1.png,32,original_32_4.png,genuine
train,32,original_32_18.png,32,original_32_20.png,genuine
train,32,original_32_4.png,32,original_32_9.png,genuine
train,32,original_32_13.png,32,original_32_2.png,genuine
train,32,original_32_18.png,32,original_32_21.png,genuine
train,32,original_32_13.png,32,original_32_6.png,genuine
train,32,original_32_11.png,32,original_32_17.png,genuine
train,32,original_32_1.png,32,original_32_11.png,genuine
train,32,original_32_2.png,32,original_32_4.png,genuine
train,32,original_32_12.png,32,original_32_20.png,genuine
train,32,original_32_3.png,32,original_32_9.png,genuine
train,32,original_32_20.png,32,original_32_5.png,genuine
train,32,original_32_15.png,32,original_32_21.png,genuine
train,32,original_32_3.png,32,original_32_6.png,genuine
train,32,original_32_11.png,32,original_32_19.png,genuine
train,32,original_32_7.png,32,original_32_8.png,genuine
train,32,original_32_11.png,32,original_32_18.png,genuine
train,32,original_32_12.png,32,original_32_3.png,genuine
train,32,original_32_19.png,32,original_32_8.png,genuine
train,32,original_32_2.png,32,original_32_9.png,genuine
train,32,original_32_11.png,32,original_32_16.png,genuine
train,32,original_32_11.png,32,original_32_3.png,genuine
train,32,original_32_14.png,32,original_32_6.png,genuine
train,32,original_32_11.png,32,original_32_22.png,genuine
train,32,original_32_12.png,32,original_32_14.png,genuine
train,32,original_32_19.png,32,original_32_6.png,genuine
train,32,original_32_21.png,32,original_32_6.png,genuine
train,32,original_32_12.png,32,original_32_21.png,genuine
train,32,original_32_10.png,32,original_32_15.png,genuine
train,32,original_32_17.png,32,original_32_20.png,genuine
train,34,original_34_24.png,34,original_34_8.png,genuine
train,34,original_34_13.png,34,original_34_22.png,genuine
train,34,original_34_14.png,34,original_34_23.png,genuine
train,34,original_34_24.png,34,original_34_3.png,genuine
train,34,original_34_20.png,34,original_34_24.png,genuine
train,34,original_34_10.png,34,original_34_16.png,genuine
train,34,original_34_12.png,34,original_34_20.png,genuine
train,34,original_34_2.png,34,original_34_23.png,genuine
train,34,original_34_10.png,34,original_34_15.png,genuine
train,34,original_34_14.png,34,original_34_19.png,genuine
train,34,original_34_1.png,34,original_34_21.png,genuine
train,34,original_34_12.png,34,original_34_19.png,genuine
train,34,original_34_20.png,34,original_34_23.png,genuine
train,34,original_34_10.png,34,original_34_14.png,genuine
train,34,original_34_10.png,34,original_34_18.png,genuine
train,34,original_34_13.png,34,original_34_21.png,genuine
train,34,original_34_5.png,34,original_34_8.png,genuine
train,34,original_34_21.png,34,original_34_9.png,genuine
train,34,original_34_17.png,34,original_34_21.png,genuine
train,34,original_34_11.png,34,original_34_23.png,genuine
train,34,original_34_10.png,34,original_34_5.png,genuine
train,34,original_34_22.png,34,original_34_8.png,genuine
train,34,original_34_10.png,34,original_34_7.png,genuine
train,34,original_34_12.png,34,original_34_8.png,genuine
train,34,original_34_11.png,34,original_34_15.png,genuine
train,34,original_34_11.png,34,original_34_14.png,genuine
train,34,original_34_17.png,34,original_34_6.png,genuine
train,34,original_34_22.png,34,original_34_9.png,genuine
train,34,original_34_15.png,34,original_34_4.png,genuine
train,34,original_34_19.png,34,original_34_3.png,genuine
train,34,original_34_14.png,34,original_34_6.png,genuine
train,34,original_34_1.png,34,original_34_18.png,genuine
train,34,original_34_12.png,34,original_34_3.png,genuine
train,34,original_34_17.png,34,original_34_9.png,genuine
train,34,original_34_19.png,34,original_34_2.png,genuine
train,34,original_34_13.png,34,original_34_23.png,genuine
train,34,original_34_20.png,34,original_34_3.png,genuine
train,34,original_34_7.png,34,original_34_9.png,genuine
train,34,original_34_24.png,34,original_34_7.png,genuine
train,34,original_34_14.png,34,original_34_22.png,genuine
train,34,original_34_10.png,34,original_34_8.png,genuine
train,34,original_34_5.png,34,original_34_7.png,genuine
train,34,original_34_1.png,34,original_34_10.png,genuine
train,34,original_34_1.png,34,original_34_7.png,genuine
train,34,original_34_12.png,34,original_34_18.png,genuine
train,34,original_34_22.png,34,original_34_24.png,genuine
train,34,original_34_13.png,34,original_34_17.png,genuine
train,34,original_34_14.png,34,original_34_17.png,genuine
train,36,original_36_11.png,36,original_36_7.png,genuine
train,36,original_36_14.png,36,original_36_16.png,genuine
train,36,original_36_19.png,36,original_36_6.png,genuine
train,36,original_36_18.png,36,original_36_7.png,genuine
train,36,original_36_17.png,36,original_36_2.png,genuine
train,36,original_36_21.png,36,original_36_22.png,genuine
train,36,original_36_10.png,36,original_36_9.png,genuine
train,36,original_36_10.png,36,original_36_13.png,genuine
train,36,original_36_23.png,36,original_36_4.png,genuine
train,36,original_36_13.png,36,original_36_5.png,genuine
train,36,original_36_19.png,36,original_36_24.png,genuine
train,36,original_36_21.png,36,original_36_7.png,genuine
train,36,original_36_13.png,36,original_36_3.png,genuine
train,36,original_36_17.png,36,original_36_4.png,genuine
train,36,original_36_19.png,36,original_36_20.png,genuine
train,36,original_36_5.png,36,original_36_7.png,genuine
train,36,original_36_1.png,36,original_36_24.png,genuine
train,36,original_36_20.png,36,original_36_21.png,genuine
train,36,original_36_15.png,36,original_36_19.png,genuine
train,36,original_36_2.png,36,original_36_7.png,genuine
train,36,original_36_1.png,36,original_36_7.png,genuine
train,36,original_36_13.png,36,original_36_23.png,genuine
train,36,original_36_1.png,36,original_36_18.png,genuine
train,36,original_36_14.png,36,original_36_5.png,genuine
train,36,original_36_1.png,36,original_36_3.png,genuine
train,36,original_36_2.png,36,original_36_5.png,genuine
train,36,original_36_22.png,36,original_36_5.png,genuine
train,36,original_36_3.png,36,original_36_8.png,genuine
train,36,original_36_11.png,36,original_36_9.png,genuine
train,36,original_36_11.png,36,original_36_16.png,genuine
train,36,original_36_19.png,36,original_36_3.png,genuine
train,36,original_36_24.png,36,original_36_6.png,genuine
train,36,original_36_21.png,36,original_36_9.png,genuine
train,36,original_36_16.png,36,original_36_9.png,genuine
train,36,original_36_13.png,36,original_36_14.png,genuine
train,36,original_36_13.png,36,original_36_2.png,genuine
train,36,original_36_12.png,36,original_36_16.png,genuine
train,36,original_36_12.png,36,original_36_9.png,genuine
train,36,original_36_17.png,36,original_36_19.png,genuine
train,36,original_36_1.png,36,original_36_20.png,genuine
train,36,original_36_12.png,36,original_36_14.png,genuine
train,36,original_36_23.png,36,original_36_7.png,genuine
train,36,original_36_18.png,36,original_36_8.png,genuine
train,36,original_36_18.png,36,original_36_23.png,genuine
train,36,original_36_12.png,36,original_36_5.png,genuine
train,36,original_36_12.png,36,original_36_17.png,genuine
train,36,original_36_12.png,36,original_36_22.png,genuine
train,36,original_36_1.png,36,original_36_10.png,genuine
train,37,original_37_10.png,37,original_37_20.png,genuine
train,37,original_37_1.png,37,original_37_21.png,genuine
train,37,original_37_14.png,37,original_37_6.png,genuine
train,37,original_37_11.png,37,original_37_20.png,genuine
train,37,original_37_23.png,37,original_37_5.png,genuine
train,37,original_37_22.png,37,original_37_8.png,genuine
train,37,original_37_19.png,37,original_37_9.png,genuine
train,37,original_37_15.png,37,original_37_20.png,genuine
train,37,original_37_20.png,37,original_37_9.png,genuine
train,37,original_37_24.png,37,original_37_7.png,genuine
train,37,original_37_12.png,37,original_37_14.png,genuine
train,37,original_37_24.png,37,original_37_9.png,genuine
train,37,original_37_13.png,37,original_37_20.png,genuine
train,37,original_37_1.png,37,original_37_14.png,genuine
train,37,original_37_16.png,37,original_37_9.png,genuine
train,37,original_37_12.png,37,original_37_23.png,genuine
train,37,original_37_14.png,37,original_37_7.png,genuine
train,37,original_37_17.png,37,original_37_6.png,genuine
train,37,original_37_17.png,37,original_37_24.png,genuine
train,37,original_37_22.png,37,original_37_5.png,genuine
train,37,original_37_19.png,37,original_37_2.png,genuine
train,37,original_37_2.png,37,original_37_22.png,genuine
train,37,original_37_4.png,37,original_37_8.png,genuine
train,37,original_37_16.png,37,original_37_6.png,genuine
train,37,original_37_1.png,37,original_37_7.png,genuine
train,37,original_37_15.png,37,original_37_23.png,genuine
train,37,original_37_11.png,37,original_37_17.png,genuine
train,37,original_37_13.png,37,original_37_5.png,genuine
train,37,original_37_19.png,37,original_37_4.png,genuine
train,37,original_37_10.png,37,original_37_5.png,genuine
train,37,original_37_11.png,37,original_37_7.png,genuine
train,37,original_37_13.png,37,original_37_9.png,genuine
train,37,original_37_1.png,37,original_37_3.png,genuine
train,37,original_37_17.png,37,original_37_5.png,genuine
train,37,original_37_1.png,37,original_37_18.png,genuine
train,37,original_37_15.png,37,original_37_16.png,genuine
train,37,original_37_16.png,37,original_37_18.png,genuine
train,37,original_37_15.png,37,original_37_9.png,genuine
train,37,original_37_12.png,37,original_37_7.png,genuine
train,37,original_37_10.png,37,original_37_6.png,genuine
train,37,original_37_14.png,37,original_37_19.png,genuine
train,37,original_37_21.png,37,original_37_5.png,genuine
train,37,original_37_10.png,37,original_37_14.png,genuine
train,37,original_37_1.png,37,original_37_5.png,genuine
train,37,original_37_4.png,37,original_37_9.png,genuine
train,37,original_37_17.png,37,original_37_20.png,genuine
train,37,original_37_1.png,37,original_37_8.png,genuine
train,37,original_37_11.png,37,original_37_2.png,genuine
train,39,original_39_11.png,39,original_39_16.png,genuine
train,39,original_39_20.png,39,original_39_4.png,genuine
train,39,original_39_3.png,39,original_39_4.png,genuine
train,39,original_39_21.png,39,original_39_7.png,genuine
train,39,original_39_13.png,39,original_39_16.png,genuine
train,39,original_39_14.png,39,original_39_6.png,genuine
train,39,original_39_12.png,39,original_39_15.png,genuine
train,39,original_39_20.png,39,original_39_24.png,genuine
train,39,original_39_22.png,39,original_39_5.png,genuine
train,39,original_39_14.png,39,original_39_7.png,genuine
train,39,original_39_11.png,39,original_39_6.png,genuine
train,39,original_39_16.png,39,original_39_4.png,genuine
train,39,original_39_4.png,39,original_39_8.png,genuine
train,39,original_39_16.png,39,original_39_2.png,genuine
train,39,original_39_15.png,39,original_39_7.png,genuine
train,39,original_39_19.png,39,original_39_24.png,genuine
train,39,original_39_15.png,39,original_39_22.png,genuine
train,39,original_39_15.png,39,original_39_3.png,genuine
train,39,original_39_13.png,39,original_39_6.png,genuine
train,39,original_39_21.png,39,original_39_3.png,genuine
train,39,original_39_15.png,39,original_39_19.png,genuine
train,39,original_39_11.png,39,original_39_14.png,genuine
train,39,original_39_4.png,39,original_39_9.png,genuine
train,39,original_39_11.png,39,original_39_4.png,genuine
train,39,original_39_10.png,39,original_39_4.png,genuine
train,39,original_39_12.png,39,original_39_19.png,genuine
train,39,original_39_21.png,39,original_39_5.png,genuine
train,39,original_39_22.png,39,original_39_24.png,genuine
train,39,original_39_16.png,39,original_39_24.png,genuine
train,39,original_39_11.png,39,original_39_15.png,genuine
train,39,original_39_12.png,39,original_39_7.png,genuine
train,39,original_39_1.png,39,original_39_3.png,genuine
train,39,original_39_3.png,39,original_39_6.png,genuine
train,39,original_39_11.png,39,original_39_8.png,genuine
train,39,original_39_24.png,39,original_39_8.png,genuine
train,39,original_39_15.png,39,original_39_21.png,genuine
train,39,original_39_15.png,39,original_39_4.png,genuine
train,39,original_39_11.png,39,original_39_3.png,genuine
train,39,original_39_17.png,39,original_39_5.png,genuine
train,39,original_39_2.png,39,original_39_6.png,genuine
train,39,original_39_10.png,39,original_39_13.png,genuine
train,39,original_39_17.png,39,original_39_6.png,genuine
train,39,original_39_14.png,39,original_39_5.png,genuine
train,39,original_39_1.png,39,original_39_19.png,genuine
train,39,original_39_10.png,39,original_39_14.png,genuine
train,39,original_39_1.png,39,original_39_11.png,genuine
train,39,original_39_14.png,39,original_39_8.png,genuine
train,39,original_39_24.png,39,original_39_4.png,genuine
train,40,original_40_14.png,40,original_40_5.png,genuine
train,40,original_40_21.png,40,original_40_8.png,genuine
train,40,original_40_19.png,40,original_40_3.png,genuine
train,40,original_40_1.png,40,original_40_7.png,genuine
train,40,original_40_16.png,40,original_40_4.png,genuine
train,40,original_40_14.png,40,original_40_6.png,genuine
train,40,original_40_11.png,40,original_40_5.png,genuine
train,40,original_40_10.png,40,original_40_13.png,genuine
train,40,original_40_13.png,40,original_40_24.png,genuine
train,40,original_40_13.png,40,original_40_4.png,genuine
train,40,original_40_10.png,40,original_40_3.png,genuine
train,40,original_40_19.png,40,original_40_24.png,genuine
train,40,original_40_4.png,40,original_40_6.png,genuine
train,40,original_40_13.png,40,original_40_19.png,genuine
train,40,original_40_7.png,40,original_40_9.png,genuine
train,40,original_40_15.png,40,original_40_3.png,genuine
train,40,original_40_1.png,40,original_40_13.png,genuine
train,40,original_40_11.png,40,original_40_20.png,genuine
train,40,original_40_18.png,40,original_40_4.png,genuine
train,40,original_40_14.png,40,original_40_20.png,genuine
train,40,original_40_1.png,40,original_40_6.png,genuine
train,40,original_40_13.png,40,original_40_21.png,genuine
train,40,original_40_13.png,40,original_40_15.png,genuine
train,40,original_40_10.png,40,original_40_23.png,genuine
train,40,original_40_1.png,40,original_40_20.png,genuine
train,40,original_40_11.png,40,original_40_19.png,genuine
train,40,original_40_11.png,40,original_40_9.png,genuine
train,40,original_40_1.png,40,original_40_19.png,genuine
train,40,original_40_16.png,40,original_40_7.png,genuine
train,40,original_40_19.png,40,original_40_21.png,genuine
train,40,original_40_17.png,40,original_40_5.png,genuine
train,40,original_40_22.png,40,original_40_3.png,genuine
train,40,original_40_24.png,40,original_40_5.png,genuine
train,40,original_40_2.png,40,original_40_8.png,genuine
train,40,original_40_1.png,40,original_40_12.png,genuine
train,40,original_40_2.png,40,original_40_9.png,genuine
train,40,original_40_12.png,40,original_40_7.png,genuine
train,40,original_40_13.png,40,original_40_9.png,genuine
train,40,original_40_18.png,40,original_40_20.png,genuine
train,40,original_40_13.png,40,original_40_22.png,genuine
train,40,original_40_11.png,40,original_40_14.png,genuine
train,40,original_40_17.png,40,original_40_2.png,genuine
train,40,original_40_12.png,40,original_40_3.png,genuine
train,40,original_40_3.png,40,original_40_4.png,genuine
train,40,original_40_23.png,40,original_40_5.png,genuine
train,40,original_40_1.png,40,original_40_18.png,genuine
train,40,original_40_2.png,40,original_40_3.png,genuine
train,40,original_40_15.png,40,original_40_19.png,genuine
train,42,original_42_23.png,42,original_42_9.png,genuine
train,42,original_42_10.png,42,original_42_2.png,genuine
train,42,original_42_2.png,42,original_42_8.png,genuine
train,42,original_42_11.png,42,original_42_18.png,genuine
train,42,original_42_2.png,42,original_42_24.png,genuine
train,42,original_42_12.png,42,original_42_3.png,genuine
train,42,original_42_11.png,42,original_42_13.png,genuine
train,42,original_42_12.png,42,original_42_7.png,genuine
train,42,original_42_2.png,42,original_42_3.png,genuine
train,42,original_42_15.png,42,original_42_8.png,genuine
train,42,original_42_2.png,42,original_42_9.png,genuine
train,42,original_42_16.png,42,original_42_21.png,genuine
train,42,original_42_17.png,42,original_42_19.png,genuine
train,42,original_42_20.png,42,original_42_24.png,genuine
train,42,original_42_10.png,42,original_42_14.png,genuine
train,42,original_42_17.png,42,original_42_20.png,genuine
train,42,original_42_18.png,42,original_42_7.png,genuine
train,42,original_42_20.png,42,original_42_23.png,genuine
train,42,original_42_4.png,42,original_42_6.png,genuine
train,42,original_42_1.png,42,original_42_19.png,genuine
train,42,original_42_19.png,42,original_42_20.png,genuine
train,42,original_42_17.png,42,original_42_3.png,genuine
train,42,original_42_11.png,42,original_42_17.png,genuine
train,42,original_42_13.png,42,original_42_5.png,genuine
train,42,original_42_3.png,42,original_42_4.png,genuine
train,42,original_42_13.png,42,original_42_8.png,genuine
train,42,original_42_11.png,42,original_42_19.png,genuine
train,42,original_42_23.png,42,original_42_3.png,genuine
train,42,original_42_1.png,42,original_42_11.png,genuine
train,42,original_42_14.png,42,original_42_20.png,genuine
train,42,original_42_21.png,42,original_42_9.png,genuine
train,42,original_42_10.png,42,original_42_5.png,genuine
train,42,original_42_14.png,42,original_42_18.png,genuine
train,42,original_42_10.png,42,original_42_17.png,genuine
train,42,original_42_20.png,42,original_42_21.png,genuine
train,42,original_42_10.png,42,original_42_11.png,genuine
train,42,original_42_24.png,42,original_42_5.png,genuine
train,42,original_42_16.png,42,original_42_23.png,genuine
train,42,original_42_21.png,42,original_42_5.png,genuine
train,42,original_42_13.png,42,original_42_20.png,genuine
train,42,original_42_14.png,42,original_42_4.png,genuine
train,42,original_42_19.png,42,original_42_9.png,genuine
train,42,original_42_10.png,42,original_42_6.png,genuine
train,42,original_42_10.png,42,original_42_20.png,genuine
train,42,original_42_1.png,42,original_42_13.png,genuine
train,42,original_42_1.png,42,original_42_22.png,genuine
train,42,original_42_16.png,42,original_42_18.png,genuine
train,42,original_42_10.png,42,original_42_23.png,genuine
train,43,original_43_2.png,43,original_43_3.png,genuine
train,43,original_43_11.png,43,original_43_12.png,genuine
train,43,original_43_19.png,43,original_43_23.png,genuine
train,43,original_43_3.png,43,original_43_7.png,genuine
train,43,original_43_13.png,43,original_43_15.png,genuine
train,43,original_43_12.png,43,original_43_20.png,genuine
train,43,original_43_18.png,43,original_43_3.png,genuine
train,43,original_43_16.png,43,original_43_21.png,genuine
train,43,original_43_12.png,43,original_43_6.png,genuine
train,43,original_43_5.png,43,original_43_6.png,genuine
train,43,original_43_6.png,43,original_43_8.png,genuine
train,43,original_43_10.png,43,original_43_21.png,genuine
train,43,original_43_11.png,43,original_43_21.png,genuine
train,43,original_43_19.png,43,original_43_8.png,genuine
train,43,original_43_24.png,43,original_43_6.png,genuine
train,43,original_43_13.png,43,original_43_6.png,genuine
train,43,original_43_16.png,43,original_43_8.png,genuine
train,43,original_43_11.png,43,original_43_8.png,genuine
train,43,original_43_1.png,43,original_43_9.png,genuine
train,43,original_43_23.png,43,original_43_9.png,genuine
train,43,original_43_17.png,43,original_43_22.png,genuine
train,43,original_43_1.png,43,original_43_22.png,genuine
train,43,original_43_16.png,43,original_43_9.png,genuine
train,43,original_43_22.png,43,original_43_7.png,genuine
train,43,original_43_17.png,43,original_43_23.png,genuine
train,43,original_43_13.png,43,original_43_4.png,genuine
train,43,original_43_3.png,43,original_43_6.png,genuine
train,43,original_43_22.png,43,original_43_23.png,genuine
train,43,original_43_18.png,43,original_43_7.png,genuine
train,43,original_43_17.png,43,original_43_2.png,genuine
train,43,original_43_18.png,43,original_43_23.png,genuine
train,43,original_43_20.png,43,original_43_22.png,genuine
train,43,original_43_21.png,43,original_43_7.png,genuine
train,43,original_43_10.png,43,original_43_6.png,genuine
train,43,original_43_17.png,43,original_43_24.png,genuine
train,43,original_43_2.png,43,original_43_23.png,genuine
train,43,original_43_20.png,43,original_43_8.png,genuine
train,43,original_43_11.png,43,original_43_22.png,genuine
train,43,original_43_23.png,43,original_43_8.png,genuine
train,43,original_43_13.png,43,original_43_8.png,genuine
train,43,original_43_17.png,43,original_43_19.png,genuine
train,43,original_43_20.png,43,original_43_5.png,genuine
train,43,original_43_11.png,43,original_43_17.png,genuine
train,43,original_43_20.png,43,original_43_23.png,genuine
train,43,original_43_14.png,43,original_43_8.png,genuine
train,43,original_43_11.png,43,original_43_13.png,genuine
train,43,original_43_16.png,43,original_43_20.png,genuine
train,43,original_43_4.png,43,original_43_7.png,genuine
train,45,original_45_1.png,45,original_45_8.png,genuine
train,45,original_45_2.png,45,original_45_4.png,genuine
train,45,original_45_4.png,45,original_45_9.png,genuine
train,45,original_45_12.png,45,original_45_4.png,genuine
train,45,original_45_19.png,45,original_45_8.png,genuine
train,45,original_45_18.png,45,original_45_8.png,genuine
train,45,original_45_11.png,45,original_45_7.png,genuine
train,45,original_45_12.png,45,original_45_22.png,genuine
train,45,original_45_15.png,45,original_45_19.png,genuine
train,45,original_45_13.png,45,original_45_3.png,genuine
train,45,original_45_8.png,45,original_45_9.png,genuine
train,45,original_45_1.png,45,original_45_6.png,genuine
train,45,original_45_17.png,45,original_45_4.png,genuine
train,45,original_45_11.png,45,original_45_4.png,genuine
train,45,original_45_2.png,45,original_45_21.png,genuine
train,45,original_45_22.png,45,original_45_3.png,genuine
train,45,original_45_17.png,45,original_45_18.png,genuine
train,45,original_45_20.png,45,original_45_4.png,genuine
train,45,original_45_17.png,45,original_45_19.png,genuine
train,45,original_45_15.png,45,original_45_2.png,genuine
train,45,original_45_20.png,45,original_45_6.png,genuine
train,45,original_45_13.png,45,original_45_4.png,genuine
train,45,original_45_17.png,45,original_45_7.png,genuine
train,45,original_45_13.png,45,original_45_21.png,genuine
train,45,original_45_14.png,45,original_45_23.png,genuine
train,45,original_45_15.png,45,original_45_20.png,genuine
train,45,original_45_14.png,45,original_45_21.png,genuine
train,45,original_45_11.png,45,original_45_12.png,genuine
train,45,original_45_1.png,45,original_45_15.png,genuine
train,45,original_45_1.png,45,original_45_10.png,genuine
train,45,original_45_17.png,45,original_45_2.png,genuine
train,45,original_45_15.png,45,original_45_18.png,genuine
train,45,original_45_14.png,45,original_45_6.png,genuine
train,45,original_45_4.png,45,original_45_6.png,genuine
train,45,original_45_24.png,45,original_45_6.png,genuine
train,45,original_45_19.png,45,original_45_7.png,genuine
train,45,original_45_23.png,45,original_45_7.png,genuine
train,45,original_45_4.png,45,original_45_5.png,genuine
train,45,original_45_2.png,45,original_45_9.png,genuine
train,45,original_45_14.png,45,original_45_4.png,genuine
train,45,original_45_20.png,45,original_45_3.png,genuine
train,45,original_45_24.png,45,original_45_3.png,genuine
train,45,original_45_2.png,45,original_45_7.png,genuine
train,45,original_45_14.png,45,original_45_8.png,genuine
train,45,original_45_13.png,45,original_45_7.png,genuine
train,45,original_45_10.png,45,original_45_15.png,genuine
train,45,original_45_1.png,45,original_45_4.png,genuine
train,45,original_45_10.png,45,original_45_2.png,genuine
train,47,original_47_18.png,47,original_47_8.png,genuine
train,47,original_47_20.png,47,original_47_9.png,genuine
train,47,original_47_19.png,47,original_47_21.png,genuine
train,47,original_47_11.png,47,original_47_13.png,genuine
train,47,original_47_21.png,47,original_47_5.png,genuine
train,47,original_47_3.png,47,original_47_7.png,genuine
train,47,original_47_4.png,47,original_47_5.png,genuine
train,47,original_47_1.png,47,original_47_7.png,genuine
train,47,original_47_5.png,47,original_47_8.png,genuine
train,47,original_47_12.png,47,original_47_13.png,genuine
train,47,original_47_10.png,47,original_47_7.png,genuine
train,47,original_47_17.png,47,original_47_21.png,genuine
train,47,original_47_5.png,47,original_47_9.png,genuine
train,47,original_47_10.png,47,original_47_5.png,genuine
train,47,original_47_10.png,47,original_47_15.png,genuine
train,47,original_47_6.png,47,original_47_7.png,genuine
train,47,original_47_19.png,47,original_47_5.png,genuine
train,47,original_47_12.png,47,original_47_16.png,genuine
train,47,original_47_1.png,47,original_47_22.png,genuine
train,47,original_47_10.png,47,original_47_20.png,genuine
train,47,original_47_11.png,47,original_47_22.png,genuine
train,47,original_47_11.png,47,original_47_16.png,genuine
train,47,original_47_3.png,47,original_47_5.png,genuine
train,47,original_47_24.png,47,original_47_6.png,genuine
train,47,original_47_6.png,47,original_47_8.png,genuine
train,47,original_47_15.png,47,original_47_18.png,genuine
train,47,original_47_12.png,47,original_47_2.png,genuine
train,47,original_47_23.png,47,original_47_6.png,genuine
train,47,original_47_2.png,47,original_47_7.png,genuine
train,47,original_47_22.png,47,original_47_4.png,genuine
train,47,original_47_2.png,47,original_47_3.png,genuine
train,47,original_47_4.png,47,original_47_9.png,genuine
train,47,original_47_18.png,47,original_47_22.png,genuine
train,47,original_47_2.png,47,original_47_23.png,genuine
train,47,original_47_18.png,47,original_47_9.png,genuine
train,47,original_47_22.png,47,original_47_8.png,genuine
train,47,original_47_3.png,47,original_47_4.png,genuine
train,47,original_47_1.png,47,original_47_3.png,genuine
train,47,original_47_20.png,47,original_47_24.png,genuine
train,47,original_47_13.png,47,original_47_17.png,genuine
train,47,original_47_17.png,47,original_47_18.png,genuine
train,47,original_47_3.png,47,original_47_8.png,genuine
train,47,original_47_11.png,47,original_47_8.png,genuine
train,47,original_47_4.png,47,original_47_6.png,genuine
train,47,original_47_12.png,47,original_47_6.png,genuine
train,47,original_47_21.png,47,original_47_8.png,genuine
train,47,original_47_17.png,47,original_47_19.png,genuine
train,47,original_47_12.png,47,original_47_17.png,genuine
train,50,original_50_22.png,50,original_50_3.png,genuine
train,50,original_50_12.png,50,original_50_2.png,genuine
train,50,original_50_15.png,50,original_50_22.png,genuine
train,50,original_50_3.png,50,original_50_6.png,genuine
train,50,original_50_23.png,50,original_50_7.png,genuine
train,50,original_50_14.png,50,original_50_16.png,genuine
train,50,original_50_15.png,50,original_50_4.png,genuine
train,50,original_50_3.png,50,original_50_8.png,genuine
train,50,original_50_14.png,50,original_50_8.png,genuine
train,50,original_50_17.png,50,original_50_24.png,genuine
train,50,original_50_19.png,50,original_50_24.png,genuine
train,50,original_50_1.png,50,original_50_5.png,genuine
train,50,original_50_13.png,50,original_50_6.png,genuine
train,50,original_50_13.png,50,original_50_20.png,genuine
train,50,original_50_2.png,50,original_50_6.png,genuine
train,50,original_50_12.png,50,original_50_6.png,genuine
train,50,original_50_16.png,50,original_50_19.png,genuine
train,50,original_50_17.png,50,original_50_6.png,genuine
train,50,original_50_19.png,50,original_50_4.png,genuine
train,50,original_50_13.png,50,original_50_14.png,genuine
train,50,original_50_15.png,50,original_50_5.png,genuine
train,50,original_50_10.png,50,original_50_17.png,genuine
train,50,original_50_19.png,50,original_50_8.png,genuine
train,50,original_50_3.png,50,original_50_4.png,genuine
train,50,original_50_1.png,50,original_50_21.png,genuine
train,50,original_50_17.png,50,original_50_23.png,genuine
train,50,original_50_20.png,50,original_50_8.png,genuine
train,50,original_50_13.png,50,original_50_2.png,genuine
train,50,original_50_23.png,50,original_50_9.png,genuine
train,50,original_50_21.png,50,original_50_24.png,genuine
train,50,original_50_14.png,50,original_50_24.png,genuine
train,50,original_50_5.png,50,original_50_8.png,genuine
train,50,original_50_15.png,50,original_50_3.png,genuine
train,50,original_50_16.png,50,original_50_24.png,genuine
train,50,original_50_18.png,50,original_50_23.png,genuine
train,50,original_50_21.png,50,original_50_4.png,genuine
train,50,original_50_21.png,50,original_50_8.png,genuine
train,50,original_50_10.png,50,original_50_14.png,genuine
train,50,original_50_11.png,50,original_50_8.png,genuine
train,50,original_50_15.png,50,original_50_7.png,genuine
train,50,original_50_17.png,50,original_50_22.png,genuine
train,50,original_50_24.png,50,original_50_4.png,genuine
train,50,original_50_13.png,50,original_50_5.png,genuine
train,50,original_50_19.png,50,original_50_22.png,genuine
train,50,original_50_2.png,50,original_50_4.png,genuine
train,50,original_50_13.png,50,original_50_22.png,genuine
train,50,original_50_12.png,50,original_50_14.png,genuine
train,50,original_50_13.png,50,original_50_23.png,genuine
train,51,original_51_19.png,51,original_51_22.png,genuine
train,51,original_51_12.png,51,original_51_20.png,genuine
train,51,original_51_18.png,51,original_51_9.png,genuine
train,51,original_51_17.png,51,original_51_8.png,genuine
train,51,original_51_10.png,51,original_51_6.png,genuine
train,51,original_51_21.png,51,original_51_5.png,genuine
train,51,original_51_14.png,51,original_51_4.png,genuine
train,51,original_51_13.png,51,original_51_18.png,genuine
train,51,original_51_10.png,51,original_51_12.png,genuine
train,51,original_51_16.png,51,original_51_5.png,genuine
train,51,original_51_4.png,51,original_51_8.png,genuine
train,51,original_51_15.png,51,original_51_21.png,genuine
train,51,original_51_17.png,51,original_51_2.png,genuine
train,51,original_51_17.png,51,original_51_21.png,genuine
train,51,original_51_1.png,51,original_51_10.png,genuine
train,51,original_51_1.png,51,original_51_4.png,genuine
train,51,original_51_14.png,51,original_51_22.png,genuine
train,51,original_51_12.png,51,original_51_22.png,genuine
train,51,original_51_16.png,51,original_51_24.png,genuine
train,51,original_51_21.png,51,original_51_22.png,genuine
train,51,original_51_20.png,51,original_51_24.png,genuine
train,51,original_51_15.png,51,original_51_23.png,genuine
train,51,original_51_13.png,51,original_51_20.png,genuine
train,51,original_51_21.png,51,original_51_8.png,genuine
train,51,original_51_1.png,51,original_51_21.png,genuine
train,51,original_51_10.png,51,original_51_20.png,genuine
train,51,original_51_15.png,51,original_51_18.png,genuine
train,51,original_51_11.png,51,original_51_24.png,genuine
train,51,original_51_17.png,51,original_51_18.png,genuine
train,51,original_51_17.png,51,original_51_6.png,genuine
train,51,original_51_1.png,51,original_51_20.png,genuine
train,51,original_51_1.png,51,original_51_15.png,genuine
train,51,original_51_1.png,51,original_51_22.png,genuine
train,51,original_51_4.png,51,original_51_5.png,genuine
train,51,original_51_16.png,51,original_51_21.png,genuine
train,51,original_51_5.png,51,original_51_8.png,genuine
train,51,original_51_12.png,51,original_51_23.png,genuine
train,51,original_51_10.png,51,original_51_15.png,genuine
train,51,original_51_15.png,51,original_51_3.png,genuine
train,51,original_51_13.png,51,original_51_19.png,genuine
train,51,original_51_15.png,51,original_51_6.png,genuine
train,51,original_51_11.png,51,original_51_23.png,genuine
train,51,original_51_14.png,51,original_51_15.png,genuine
train,51,original_51_16.png,51,original_51_3.png,genuine
train,51,original_51_22.png,51,original_51_9.png,genuine
train,51,original_51_16.png,51,original_51_4.png,genuine
train,51,original_51_10.png,51,original_51_21.png,genuine
train,51,original_51_11.png,51,original_51_19.png,genuine
train,52,original_52_19.png,52,original_52_21.png,genuine
train,52,original_52_23.png,52,original_52_5.png,genuine
train,52,original_52_12.png,52,original_52_5.png,genuine
train,52,original_52_12.png,52,original_52_15.png,genuine
train,52,original_52_1.png,52,original_52_17.png,genuine
train,52,original_52_15.png,52,original_52_17.png,genuine
train,52,original_52_12.png,52,original_52_22.png,genuine
train,52,original_52_21.png,52,original_52_9.png,genuine
train,52,original_52_11.png,52,original_52_16.png,genuine
train,52,original_52_10.png,52,original_52_2.png,genuine
train,52,original_52_12.png,52,original_52_20.png,genuine
train,52,original_52_15.png,52,original_52_8.png,genuine
train,52,original_52_2.png,52,original_52_5.png,genuine
train,52,original_52_15.png,52,original_52_5.png,genuine
train,52,original_52_1.png,52,original_52_15.png,genuine
train,52,original_52_10.png,52,original_52_16.png,genuine
train,52,original_52_18.png,52,original_52_4.png,genuine
train,52,original_52_21.png,52,original_52_6.png,genuine
train,52,original_52_24.png,52,original_52_7.png,genuine
train,52,original_52_15.png,52,original_52_2.png,genuine
train,52,original_52_12.png,52,original_52_8.png,genuine
train,52,original_52_22.png,52,original_52_23.png,genuine
train,52,original_52_1.png,52,original_52_10.png,genuine
train,52,original_52_1.png,52,original_52_20.png,genuine
train,52,original_52_1.png,52,original_52_24.png,genuine
train,52,original_52_15.png,52,original_52_6.png,genuine
train,52,original_52_1.png,52,original_52_16.png,genuine
train,52,original_52_13.png,52,original_52_8.png,genuine
train,52,original_52_11.png,52,original_52_14.png,genuine
train,52,original_52_11.png,52,original_52_4.png,genuine
train,52,original_52_10.png,52,original_52_5.png,genuine
train,52,original_52_1.png,52,original_52_23.png,genuine
train,52,original_52_22.png,52,original_52_3.png,genuine
train,52,original_52_2.png,52,original_52_21.png,genuine
train,52,original_52_10.png,52,original_52_14.png,genuine
train,52,original_52_1.png,52,original_52_13.png,genuine
train,52,original_52_17.png,52,original_52_18.png,genuine
train,52,original_52_16.png,52,original_52_18.png,genuine
train,52,original_52_17.png,52,original_52_7.png,genuine
train,52,original_52_11.png,52,original_52_17.png,genuine
train,52,original_52_10.png,52,original_52_23.png,genuine
train,52,original_52_14.png,52,original_52_15.png,genuine
train,52,original_52_11.png,52,original_52_18.png,genuine
train,52,original_52_15.png,52,original_52_24.png,genuine
train,52,original_52_16.png,52,original_52_9.png,genuine
train,52,original_52_17.png,52,original_52_3.png,genuine
train,52,original_52_15.png,52,original_52_21.png,genuine
train,52,original_52_17.png,52,original_52_4.png,genuine
train,54,original_54_20.png,54,original_54_23.png,genuine
train,54,original_54_13.png,54,original_54_17.png,genuine
train,54,original_54_3.png,54,original_54_9.png,genuine
train,54,original_54_17.png,54,original_54_2.png,genuine
train,54,original_54_10.png,54,original_54_2.png,genuine
train,54,original_54_16.png,54,original_54_7.png,genuine
train,54,original_54_10.png,54,original_54_12.png,genuine
train,54,original_54_23.png,54,original_54_6.png,genuine
train,54,original_54_1.png,54,original_54_13.png,genuine
train,54,original_54_19.png,54,original_54_4.png,genuine
train,54,original_54_21.png,54,original_54_24.png,genuine
train,54,original_54_22.png,54,original_54_8.png,genuine
train,54,original_54_10.png,54,original_54_6.png,genuine
train,54,original_54_22.png,54,original_54_23.png,genuine
train,54,original_54_7.png,54,original_54_9.png,genuine
train,54,original_54_14.png,54,original_54_24.png,genuine
train,54,original_54_11.png,54,original_54_2.png,genuine
train,54,original_54_15.png,54,original_54_3.png,genuine
train,54,original_54_14.png,54,original_54_5.png,genuine
train,54,original_54_1.png,54,original_54_6.png,genuine
train,54,original_54_11.png,54,original_54_7.png,genuine
train,54,original_54_12.png,54,original_54_9.png,genuine
train,54,original_54_21.png,54,original_54_7.png,genuine
train,54,original_54_19.png,54,original_54_3.png,genuine
train,54,original_54_22.png,54,original_54_6.png,genuine
train,54,original_54_18.png,54,original_54_24.png,genuine
train,54,original_54_23.png,54,original_54_3.png,genuine
train,54,original_54_20.png,54,original_54_5.png,genuine
train,54,original_54_12.png,54,original_54_14.png,genuine
train,54,original_54_18.png,54,original_54_7.png,genuine
train,54,original_54_1.png,54,original_54_22.png,genuine
train,54,original_54_12.png,54,original_54_15.png,genuine
train,54,original_54_17.png,54,original_54_23.png,genuine
train,54,original_54_16.png,54,original_54_18.png,genuine
train,54,original_54_18.png,54,original_54_20.png,genuine
train,54,original_54_14.png,54,original_54_20.png,genuine
train,54,original_54_18.png,54,original_54_22.png,genuine
train,54,original_54_2.png,54,original_54_23.png,genuine
train,54,original_54_22.png,54,original_54_4.png,genuine
train,54,original_54_3.png,54,original_54_7.png,genuine
train,54,original_54_23.png,54,original_54_9.png,genuine
train,54,original_54_12.png,54,original_54_21.png,genuine
train,54,original_54_17.png,54,original_54_3.png,genuine
train,54,original_54_24.png,54,original_54_8.png,genuine
train,54,original_54_11.png,54,original_54_21.png,genuine
train,54,original_54_1.png,54,original_54_8.png,genuine
train,54,original_54_21.png,54,original_54_4.png,genuine
train,54,original_54_15.png,54,original_54_21.png,genuine
train,55,original_55_1.png,55,original_55_17.png,genuine
train,55,original_55_13.png,55,original_55_14.png,genuine
train,55,original_55_15.png,55,original_55_3.png,genuine
train,55,original_55_14.png,55,original_55_7.png,genuine
train,55,original_55_13.png,55,original_55_8.png,genuine
train,55,original_55_12.png,55,original_55_5.png,genuine
train,55,original_55_17.png,55,original_55_6.png,genuine
train,55,original_55_13.png,55,original_55_3.png,genuine
train,55,original_55_2.png,55,original_55_21.png,genuine
train,55,original_55_17.png,55,original_55_7.png,genuine
train,55,original_55_14.png,55,original_55_9.png,genuine
train,55,original_55_19.png,55,original_55_6.png,genuine
train,55,original_55_23.png,55,original_55_24.png,genuine
train,55,original_55_23.png,55,original_55_3.png,genuine
train,55,original_55_1.png,55,original_55_13.png,genuine
train,55,original_55_1.png,55,original_55_22.png,genuine
train,55,original_55_21.png,55,original_55_24.png,genuine
train,55,original_55_14.png,55,original_55_6.png,genuine
train,55,original_55_17.png,55,original_55_19.png,genuine
train,55,original_55_14.png,55,original_55_18.png,genuine
train,55,original_55_2.png,55,original_55_22.png,genuine
train,55,original_55_17.png,55,original_55_20.png,genuine
train,55,original_55_16.png,55,original_55_3.png,genuine
train,55,original_55_1.png,55,original_55_6.png,genuine
train,55,original_55_16.png,55,original_55_20.png,genuine
train,55,original_55_22.png,55,original_55_3.png,genuine
train,55,original_55_10.png,55,original_55_8.png,genuine
train,55,original_55_10.png,55,original_55_24.png,genuine
train,55,original_55_1.png,55,original_55_18.png,genuine
train,55,original_55_1.png,55,original_55_16.png,genuine
train,55,original_55_10.png,55,original_55_16.png,genuine
train,55,original_55_10.png,55,original_55_15.png,genuine
train,55,original_55_24.png,55,original_55_9.png,genuine
train,55,original_55_22.png,55,original_55_7.png,genuine
train,55,original_55_10.png,55,original_55_6.png,genuine
train,55,original_55_13.png,55,original_55_16.png,genuine
train,55,original_55_10.png,55,original_55_23.png,genuine
train,55,original_55_18.png,55,original_55_4.png,genuine
train,55,original_55_8.png,55,original_55_9.png,genuine
train,55,original_55_23.png,55,original_55_4.png,genuine
train,55,original_55_1.png,55,original_55_2.png,genuine
train,55,original_55_10.png,55,original_55_22.png,genuine
train,55,original_55_18.png,55,original_55_24.png,genuine
train,55,original_55_17.png,55,original_55_3.png,genuine
train,55,original_55_17.png,55,original_55_23.png,genuine
train,55,original_55_22.png,55,original_55_5.png,genuine
train,55,original_55_18.png,55,original_55_3.png,genuine
train,55,original_55_1.png,55,original_55_4.png,genuine
val,3,original_3_17.png,3,original_3_4.png,genuine
val,3,original_3_12.png,3,original_3_23.png,genuine
val,3,original_3_2.png,3,original_3_24.png,genuine
val,3,original_3_10.png,3,original_3_12.png,genuine
val,3,original_3_10.png,3,original_3_24.png,genuine
val,3,original_3_11.png,3,original_3_15.png,genuine
val,3,original_3_19.png,3,original_3_21.png,genuine
val,3,original_3_10.png,3,original_3_17.png,genuine
val,3,original_3_3.png,3,original_3_8.png,genuine
val,3,original_3_14.png,3,original_3_19.png,genuine
val,3,original_3_1.png,3,original_3_6.png,genuine
val,3,original_3_10.png,3,original_3_9.png,genuine
val,3,original_3_21.png,3,original_3_23.png,genuine
val,3,original_3_20.png,3,original_3_3.png,genuine
val,3,original_3_10.png,3,original_3_22.png,genuine
val,3,original_3_15.png,3,original_3_16.png,genuine
val,3,original_3_11.png,3,original_3_13.png,genuine
val,3,original_3_20.png,3,original_3_6.png,genuine
val,3,original_3_10.png,3,original_3_18.png,genuine
val,3,original_3_11.png,3,original_3_7.png,genuine
val,3,original_3_14.png,3,original_3_23.png,genuine
val,3,original_3_17.png,3,original_3_22.png,genuine
val,3,original_3_17.png,3,original_3_21.png,genuine
val,3,original_3_16.png,3,original_3_3.png,genuine
val,3,original_3_23.png,3,original_3_4.png,genuine
val,3,original_3_1.png,3,original_3_24.png,genuine
val,3,original_3_16.png,3,original_3_23.png,genuine
val,3,original_3_24.png,3,original_3_7.png,genuine
val,3,original_3_13.png,3,original_3_6.png,genuine
val,3,original_3_1.png,3,original_3_21.png,genuine
val,3,original_3_11.png,3,original_3_22.png,genuine
val,3,original_3_1.png,3,original_3_20.png,genuine
val,3,original_3_16.png,3,original_3_19.png,genuine
val,3,original_3_20.png,3,original_3_8.png,genuine
val,3,original_3_10.png,3,original_3_21.png,genuine
val,3,original_3_12.png,3,original_3_20.png,genuine
val,3,original_3_14.png,3,original_3_17.png,genuine
val,3,original_3_10.png,3,original_3_23.png,genuine
val,3,original_3_15.png,3,original_3_8.png,genuine
val,3,original_3_3.png,3,original_3_6.png,genuine
val,3,original_3_16.png,3,original_3_22.png,genuine
val,3,original_3_12.png,3,original_3_24.png,genuine
val,3,original_3_16.png,3,original_3_2.png,genuine
val,3,original_3_2.png,3,original_3_8.png,genuine
val,3,original_3_18.png,3,original_3_21.png,genuine
val,3,original_3_5.png,3,original_3_7.png,genuine
val,3,original_3_10.png,3,original_3_14.png,genuine
val,3,original_3_16.png,3,original_3_24.png,genuine
val,6,original_6_13.png,6,original_6_23.png,genuine
val,6,original_6_19.png,6,original_6_24.png,genuine
val,6,original_6_11.png,6,original_6_16.png,genuine
val,6,original_6_10.png,6,original_6_2.png,genuine
val,6,original_6_10.png,6,original_6_18.png,genuine
val,6,original_6_14.png,6,original_6_15.png,genuine
val,6,original_6_24.png,6,original_6_9.png,genuine
val,6,original_6_20.png,6,original_6_7.png,genuine
val,6,original_6_17.png,6,original_6_21.png,genuine
val,6,original_6_22.png,6,original_6_8.png,genuine
val,6,original_6_22.png,6,original_6_24.png,genuine
val,6,original_6_19.png,6,original_6_2.png,genuine
val,6,original_6_16.png,6,original_6_7.png,genuine
val,6,original_6_15.png,6,original_6_2.png,genuine
val,6,original_6_13.png,6,original_6_2.png,genuine
val,6,original_6_15.png,6,original_6_17.png,genuine
val,6,original_6_10.png,6,original_6_6.png,genuine
val,6,original_6_4.png,6,original_6_7.png,genuine
val,6,original_6_24.png,6,original_6_8.png,genuine
val,6,original_6_18.png,6,original_6_22.png,genuine
val,6,original_6_21.png,6,original_6_8.png,genuine
val,6,original_6_12.png,6,original_6_2.png,genuine
val,6,original_6_16.png,6,original_6_9.png,genuine
val,6,original_6_24.png,6,original_6_5.png,genuine
val,6,original_6_1.png,6,original_6_5.png,genuine
val,6,original_6_6.png,6,original_6_8.png,genuine
val,6,original_6_15.png,6,original_6_23.png,genuine
val,6,original_6_14.png,6,original_6_17.png,genuine
val,6,original_6_10.png,6,original_6_7.png,genuine
val,6,original_6_19.png,6,original_6_5.png,genuine
val,6,original_6_13.png,6,original_6_15.png,genuine
val,6,original_6_10.png,6,original_6_3.png,genuine
val,6,original_6_5.png,6,original_6_6.png,genuine
val,6,original_6_15.png,6,original_6_18.png,genuine
val,6,original_6_24.png,6,original_6_3.png,genuine
val,6,original_6_1.png,6,original_6_2.png,genuine
val,6,original_6_18.png,6,original_6_19.png,genuine
val,6,original_6_1.png,6,original_6_6.png,genuine
val,6,original_6_19.png,6,original_6_7.png,genuine
val,6,original_6_16.png,6,original_6_19.png,genuine
val,6,original_6_16.png,6,original_6_22.png,genuine
val,6,original_6_2.png,6,original_6_24.png,genuine
val,6,original_6_21.png,6,original_6_3.png,genuine
val,6,original_6_2.png,6,original_6_9.png,genuine
val,6,original_6_12.png,6,original_6_4.png,genuine
val,6,original_6_23.png,6,original_6_7.png,genuine
val,6,original_6_18.png,6,original_6_24.png,genuine
val,6,original_6_13.png,6,original_6_17.png,genuine
val,14,original_14_24.png,14,original_14_9.png,genuine
val,14,original_14_22.png,14,original_14_3.png,genuine
val,14,original_14_10.png,14,original_14_22.png,genuine
val,14,original_14_11.png,14,original_14_14.png,genuine
val,14,original_14_15.png,14,original_14_8.png,genuine
val,14,original_14_23.png,14,original_14_4.png,genuine
val,14,original_14_10.png,14,original_14_20.png,genuine
val,14,original_14_10.png,14,original_14_19.png,genuine
val,14,original_14_17.png,14,original_14_2.png,genuine
val,14,original_14_21.png,14,original_14_7.png,genuine
val,14,original_14_16.png,14,original_14_21.png,genuine
val,14,original_14_19.png,14,original_14_9.png,genuine
val,14,original_14_18.png,14,original_14_24.png,genuine
val,14,original_14_1.png,14,original_14_20.png,genuine
val,14,original_14_22.png,14,original_14_6.png,genuine
val,14,original_14_18.png,14,original_14_6.png,genuine
val,14,original_14_13.png,14,original_14_14.png,genuine
val,14,original_14_11.png,14,original_14_3.png,genuine
val,14,original_14_24.png,14,original_14_7.png,genuine
val,14,original_14_10.png,14,original_14_18.png,genuine
val,14,original_14_14.png,14,original_14_20.png,genuine
val,14,original_14_19.png,14,original_14_8.png,genuine
val,14,original_14_12.png,14,original_14_2.png,genuine
val,14,original_14_5.png,14,original_14_9.png,genuine
val,14,original_14_19.png,14,original_14_23.png,genuine
val,14,original_14_11.png,14,original_14_7.png,genuine
val,14,original_14_13.png,14,original_14_6.png,genuine
val,14,original_14_13.png,14,original_14_5.png,genuine
val,14,original_14_22.png,14,original_14_4.png,genuine
val,14,original_14_21.png,14,original_14_24.png,genuine
val,14,original_14_15.png,14,original_14_2.png,genuine
val,14,original_14_1.png,14,original_14_7.png,genuine
val,14,original_14_10.png,14,original_14_7.png,genuine
val,14,original_14_14.png,14,original_14_23.png,genuine
val,14,original_14_13.png,14,original_14_7.png,genuine
val,14,original_14_16.png,14,original_14_17.png,genuine
val,14,original_14_12.png,14,original_14_18.png,genuine
val,14,original_14_21.png,14,original_14_5.png,genuine
val,14,original_14_7.png,14,original_14_8.png,genuine
val,14,original_14_2.png,14,original_14_9.png,genuine
val,14,original_14_14.png,14,original_14_2.png,genuine
val,14,original_14_21.png,14,original_14_22.png,genuine
val,14,original_14_23.png,14,original_14_24.png,genuine
val,14,original_14_22.png,14,original_14_9.png,genuine
val,14,original_14_18.png,14,original_14_5.png,genuine
val,14,original_14_14.png,14,original_14_16.png,genuine
val,14,original_14_13.png,14,original_14_19.png,genuine
val,14,original_14_18.png,14,original_14_21.png,genuine
val,28,original_28_19.png,28,original_28_6.png,genuine
val,28,original_28_14.png,28,original_28_5.png,genuine
val,28,original_28_12.png,28,original_28_23.png,genuine
val,28,original_28_10.png,28,original_28_7.png,genuine
val,28,original_28_13.png,28,original_28_18.png,genuine
val,28,original_28_7.png,28,original_28_8.png,genuine
val,28,original_28_7.png,28,original_28_9.png,genuine
val,28,original_28_14.png,28,original_28_6.png,genuine
val,28,original_28_1.png,28,original_28_16.png,genuine
val,28,original_28_24.png,28,original_28_3.png,genuine
val,28,original_28_13.png,28,original_28_20.png,genuine
val,28,original_28_15.png,28,original_28_4.png,genuine
val,28,original_28_16.png,28,original_28_20.png,genuine
val,28,original_28_1.png,28,original_28_12.png,genuine
val,28,original_28_12.png,28,original_28_20.png,genuine
val,28,original_28_20.png,28,original_28_3.png,genuine
val,28,original_28_19.png,28,original_28_23.png,genuine
val,28,original_28_17.png,28,original_28_24.png,genuine
val,28,original_28_11.png,28,original_28_8.png,genuine
val,28,original_28_10.png,28,original_28_15.png,genuine
val,28,original_28_22.png,28,original_28_3.png,genuine
val,28,original_28_21.png,28,original_28_9.png,genuine
val,28,original_28_21.png,28,original_28_23.png,genuine
val,28,original_28_2.png,28,original_28_21.png,genuine
val,28,original_28_23.png,28,original_28_5.png,genuine
val,28,original_28_21.png,28,original_28_24.png,genuine
val,28,original_28_18.png,28,original_28_21.png,genuine
val,28,original_28_2.png,28,original_28_4.png,genuine
val,28,original_28_16.png,28,original_28_2.png,genuine
val,28,original_28_13.png,28,original_28_5.png,genuine
val,28,original_28_13.png,28,original_28_6.png,genuine
val,28,original_28_13.png,28,original_28_7.png,genuine
val,28,original_28_23.png,28,original_28_8.png,genuine
val,28,original_28_10.png,28,original_28_14.png,genuine
val,28,original_28_15.png,28,original_28_16.png,genuine
val,28,original_28_17.png,28,original_28_23.png,genuine
val,28,original_28_23.png,28,original_28_6.png,genuine
val,28,original_28_1.png,28,original_28_24.png,genuine
val,28,original_28_11.png,28,original_28_15.png,genuine
val,28,original_28_1.png,28,original_28_4.png,genuine
val,28,original_28_11.png,28,original_28_2.png,genuine
val,28,original_28_14.png,28,original_28_21.png,genuine
val,28,original_28_10.png,28,original_28_6.png,genuine
val,28,original_28_10.png,28,original_28_16.png,genuine
val,28,original_28_13.png,28,original_28_15.png,genuine
val,28,original_28_16.png,28,original_28_7.png,genuine
val,28,original_28_1.png,28,original_28_22.png,genuine
val,28,original_28_23.png,28,original_28_4.png,genuine
val,33,original_33_1.png,33,original_33_10.png,genuine
val,33,original_33_12.png,33,original_33_23.png,genuine
val,33,original_33_11.png,33,original_33_18.png,genuine
val,33,original_33_19.png,33,original_33_20.png,genuine
val,33,original_33_1.png,33,original_33_22.png,genuine
val,33,original_33_10.png,33,original_33_23.png,genuine
val,33,original_33_14.png,33,original_33_16.png,genuine
val,33,original_33_19.png,33,original_33_4.png,genuine
val,33,original_33_12.png,33,original_33_22.png,genuine
val,33,original_33_15.png,33,original_33_21.png,genuine
val,33,original_33_18.png,33,original_33_24.png,genuine
val,33,original_33_6.png,33,original_33_9.png,genuine
val,33,original_33_23.png,33,original_33_4.png,genuine
val,33,original_33_11.png,33,original_33_6.png,genuine
val,33,original_33_11.png,33,original_33_3.png,genuine
val,33,original_33_24.png,33,original_33_4.png,genuine
val,33,original_33_22.png,33,original_33_8.png,genuine
val,33,original_33_23.png,33,original_33_7.png,genuine
val,33,original_33_23.png,33,original_33_9.png,genuine
val,33,original_33_17.png,33,original_33_20.png,genuine
val,33,original_33_10.png,33,original_33_8.png,genuine
val,33,original_33_6.png,33,original_33_7.png,genuine
val,33,original_33_10.png,33,original_33_14.png,genuine
val,33,original_33_19.png,33,original_33_3.png,genuine
val,33,original_33_13.png,33,original_33_15.png,genuine
val,33,original_33_19.png,33,original_33_23.png,genuine
val,33,original_33_12.png,33,original_33_14.png,genuine
val,33,original_33_14.png,33,original_33_9.png,genuine
val,33,original_33_20.png,33,original_33_23.png,genuine
val,33,original_33_4.png,33,original_33_9.png,genuine
val,33,original_33_10.png,33,original_33_6.png,genuine
val,33,original_33_15.png,33,original_33_24.png,genuine
val,33,original_33_1.png,33,original_33_15.png,genuine
val,33,original_33_11.png,33,original_33_19.png,genuine
val,33,original_33_15.png,33,original_33_5.png,genuine
val,33,original_33_13.png,33,original_33_2.png,genuine
val,33,original_33_10.png,33,original_33_24.png,genuine
val,33,original_33_18.png,33,original_33_23.png,genuine
val,33,original_33_15.png,33,original_33_9.png,genuine
val,33,original_33_22.png,33,original_33_4.png,genuine
val,33,original_33_1.png,33,original_33_16.png,genuine
val,33,original_33_19.png,33,original_33_6.png,genuine
val,33,original_33_23.png,33,original_33_3.png,genuine
val,33,original_33_5.png,33,original_33_7.png,genuine
val,33,original_33_17.png,33,original_33_3.png,genuine
val,33,original_33_21.png,33,original_33_22.png,genuine
val,33,original_33_10.png,33,original_33_11.png,genuine
val,33,original_33_18.png,33,original_33_3.png,genuine
val,35,original_35_15.png,35,original_35_3.png,genuine
val,35,original_35_4.png,35,original_35_9.png,genuine
val,35,original_35_19.png,35,original_35_21.png,genuine
val,35,original_35_12.png,35,original_35_9.png,genuine
val,35,original_35_18.png,35,original_35_7.png,genuine
val,35,original_35_14.png,35,original_35_23.png,genuine
val,35,original_35_3.png,35,original_35_6.png,genuine
val,35,original_35_17.png,35,original_35_7.png,genuine
val,35,original_35_6.png,35,original_35_7.png,genuine
val,35,original_35_13.png,35,original_35_4.png,genuine
val,35,original_35_14.png,35,original_35_9.png,genuine
val,35,original_35_2.png,35,original_35_5.png,genuine
val,35,original_35_14.png,35,original_35_3.png,genuine
val,35,original_35_13.png,35,original_35_7.png,genuine
val,35,original_35_24.png,35,original_35_7.png,genuine
val,35,original_35_6.png,35,original_35_8.png,genuine
val,35,original_35_1.png,35,original_35_23.png,genuine
val,35,original_35_3.png,35,original_35_8.png,genuine
val,35,original_35_16.png,35,original_35_2.png,genuine
val,35,original_35_23.png,35,original_35_3.png,genuine
val,35,original_35_15.png,35,original_35_24.png,genuine
val,35,original_35_11.png,35,original_35_16.png,genuine
val,35,original_35_18.png,35,original_35_24.png,genuine
val,35,original_35_16.png,35,original_35_8.png,genuine
val,35,original_35_23.png,35,original_35_6.png,genuine
val,35,original_35_13.png,35,original_35_16.png,genuine
val,35,original_35_5.png,35,original_35_7.png,genuine
val,35,original_35_2.png,35,original_35_6.png,genuine
val,35,original_35_22.png,35,original_35_9.png,genuine
val,35,original_35_19.png,35,original_35_2.png,genuine
val,35,original_35_13.png,35,original_35_17.png,genuine
val,35,original_35_24.png,35,original_35_6.png,genuine
val,35,original_35_13.png,35,original_35_20.png,genuine
val,35,original_35_1.png,35,original_35_7.png,genuine
val,35,original_35_11.png,35,original_35_22.png,genuine
val,35,original_35_10.png,35,original_35_14.png,genuine
val,35,original_35_11.png,35,original_35_24.png,genuine
val,35,original_35_14.png,35,original_35_7.png,genuine
val,35,original_35_11.png,35,original_35_17.png,genuine
val,35,original_35_13.png,35,original_35_14.png,genuine
val,35,original_35_11.png,35,original_35_19.png,genuine
val,35,original_35_15.png,35,original_35_16.png,genuine
val,35,original_35_17.png,35,original_35_20.png,genuine
val,35,original_35_21.png,35,original_35_9.png,genuine
val,35,original_35_17.png,35,original_35_18.png,genuine
val,35,original_35_20.png,35,original_35_4.png,genuine
val,35,original_35_1.png,35,original_35_10.png,genuine
val,35,original_35_7.png,35,original_35_9.png,genuine
val,38,original_38_18.png,38,original_38_23.png,genuine
val,38,original_38_10.png,38,original_38_8.png,genuine
val,38,original_38_11.png,38,original_38_5.png,genuine
val,38,original_38_2.png,38,original_38_20.png,genuine
val,38,original_38_13.png,38,original_38_7.png,genuine
val,38,original_38_23.png,38,original_38_6.png,genuine
val,38,original_38_13.png,38,original_38_19.png,genuine
val,38,original_38_21.png,38,original_38_23.png,genuine
val,38,original_38_17.png,38,original_38_9.png,genuine
val,38,original_38_10.png,38,original_38_9.png,genuine
val,38,original_38_2.png,38,original_38_24.png,genuine
val,38,original_38_22.png,38,original_38_7.png,genuine
val,38,original_38_2.png,38,original_38_5.png,genuine
val,38,original_38_7.png,38,original_38_9.png,genuine
val,38,original_38_12.png,38,original_38_5.png,genuine
val,38,original_38_13.png,38,original_38_15.png,genuine
val,38,original_38_11.png,38,original_38_9.png,genuine
val,38,original_38_1.png,38,original_38_23.png,genuine
val,38,original_38_12.png,38,original_38_23.png,genuine
val,38,original_38_22.png,38,original_38_8.png,genuine
val,38,original_38_12.png,38,original_38_20.png,genuine
val,38,original_38_17.png,38,original_38_18.png,genuine
val,38,original_38_20.png,38,original_38_22.png,genuine
val,38,original_38_16.png,38,original_38_6.png,genuine
val,38,original_38_24.png,38,original_38_5.png,genuine
val,38,original_38_14.png,38,original_38_8.png,genuine
val,38,original_38_17.png,38,original_38_7.png,genuine
val,38,original_38_22.png,38,original_38_9.png,genuine
val,38,original_38_13.png,38,original_38_17.png,genuine
val,38,original_38_10.png,38,original_38_4.png,genuine
val,38,original_38_16.png,38,original_38_17.png,genuine
val,38,original_38_23.png,38,original_38_7.png,genuine
val,38,original_38_10.png,38,original_38_20.png,genuine
val,38,original_38_1.png,38,original_38_15.png,genuine
val,38,original_38_1.png,38,original_38_13.png,genuine
val,38,original_38_2.png,38,original_38_4.png,genuine
val,38,original_38_19.png,38,original_38_2.png,genuine
val,38,original_38_17.png,38,original_38_5.png,genuine
val,38,original_38_10.png,38,original_38_14.png,genuine
val,38,original_38_15.png,38,original_38_4.png,genuine
val,38,original_38_19.png,38,original_38_3.png,genuine
val,38,original_38_10.png,38,original_38_22.png,genuine
val,38,original_38_14.png,38,original_38_20.png,genuine
val,38,original_38_21.png,38,original_38_24.png,genuine
val,38,original_38_11.png,38,original_38_16.png,genuine
val,38,original_38_24.png,38,original_38_8.png,genuine
val,38,original_38_22.png,38,original_38_24.png,genuine
val,38,original_38_11.png,38,original_38_20.png,genuine
val,46,original_46_1.png,46,original_46_23.png,genuine
val,46,original_46_15.png,46,original_46_20.png,genuine
val,46,original_46_14.png,46,original_46_18.png,genuine
val,46,original_46_16.png,46,original_46_3.png,genuine
val,46,original_46_3.png,46,original_46_5.png,genuine
val,46,original_46_15.png,46,original_46_16.png,genuine
val,46,original_46_17.png,46,original_46_5.png,genuine
val,46,original_46_15.png,46,original_46_24.png,genuine
val,46,original_46_20.png,46,original_46_3.png,genuine
val,46,original_46_12.png,46,original_46_14.png,genuine
val,46,original_46_10.png,46,original_46_19.png,genuine
val,46,original_46_18.png,46,original_46_6.png,genuine
val,46,original_46_22.png,46,original_46_4.png,genuine
val,46,original_46_20.png,46,original_46_4.png,genuine
val,46,original_46_6.png,46,original_46_8.png,genuine
val,46,original_46_12.png,46,original_46_13.png,genuine
val,46,original_46_12.png,46,original_46_23.png,genuine
val,46,original_46_1.png,46,original_46_19.png,genuine
val,46,original_46_21.png,46,original_46_4.png,genuine
val,46,original_46_13.png,46,original_46_20.png,genuine
val,46,original_46_1.png,46,original_46_12.png,genuine
val,46,original_46_2.png,46,original_46_20.png,genuine
val,46,original_46_2.png,46,original_46_4.png,genuine
val,46,original_46_10.png,46,original_46_3.png,genuine
val,46,original_46_10.png,46,original_46_9.png,genuine
val,46,original_46_10.png,46,original_46_23.png,genuine
val,46,original_46_14.png,46,original_46_8.png,genuine
val,46,original_46_17.png,46,original_46_2.png,genuine
val,46,original_46_19.png,46,original_46_2.png,genuine
val,46,original_46_10.png,46,original_46_18.png,genuine
val,46,original_46_16.png,46,original_46_19.png,genuine
val,46,original_46_1.png,46,original_46_24.png,genuine
val,46,original_46_12.png,46,original_46_7.png,genuine
val,46,original_46_18.png,46,original_46_21.png,genuine
val,46,original_46_5.png,46,original_46_8.png,genuine
val,46,original_46_15.png,46,original_46_5.png,genuine
val,46,original_46_23.png,46,original_46_7.png,genuine
val,46,original_46_6.png,46,original_46_7.png,genuine
val,46,original_46_2.png,46,original_46_22.png,genuine
val,46,original_46_24.png,46,original_46_9.png,genuine
val,46,original_46_10.png,46,original_46_15.png,genuine
val,46,original_46_21.png,46,original_46_5.png,genuine
val,46,original_46_16.png,46,original_46_2.png,genuine
val,46,original_46_8.png,46,original_46_9.png,genuine
val,46,original_46_11.png,46,original_46_7.png,genuine
val,46,original_46_11.png,46,original_46_15.png,genuine
val,46,original_46_12.png,46,original_46_17.png,genuine
val,46,original_46_1.png,46,original_46_2.png,genuine
val,49,original_49_11.png,49,original_49_17.png,genuine
val,49,original_49_3.png,49,original_49_8.png,genuine
val,49,original_49_22.png,49,original_49_23.png,genuine
val,49,original_49_1.png,49,original_49_23.png,genuine
val,49,original_49_10.png,49,original_49_2.png,genuine
val,49,original_49_21.png,49,original_49_5.png,genuine
val,49,original_49_17.png,49,original_49_5.png,genuine
val,49,original_49_3.png,49,original_49_7.png,genuine
val,49,original_49_4.png,49,original_49_6.png,genuine
val,49,original_49_13.png,49,original_49_7.png,genuine
val,49,original_49_16.png,49,original_49_18.png,genuine
val,49,original_49_7.png,49,original_49_8.png,genuine
val,49,original_49_3.png,49,original_49_9.png,genuine
val,49,original_49_23.png,49,original_49_6.png,genuine
val,49,original_49_7.png,49,original_49_9.png,genuine
val,49,original_49_15.png,49,original_49_19.png,genuine
val,49,original_49_15.png,49,original_49_24.png,genuine
val,49,original_49_13.png,49,original_49_8.png,genuine
val,49,original_49_21.png,49,original_49_8.png,genuine
val,49,original_49_12.png,49,original_49_17.png,genuine
val,49,original_49_20.png,49,original_49_24.png,genuine
val,49,original_49_10.png,49,original_49_19.png,genuine
val,49,original_49_13.png,49,original_49_5.png,genuine
val,49,original_49_14.png,49,original_49_22.png,genuine
val,49,original_49_12.png,49,original_49_4.png,genuine
val,49,original_49_1.png,49,original_49_5.png,genuine
val,49,original_49_18.png,49,original_49_19.png,genuine
val,49,original_49_11.png,49,original_49_5.png,genuine
val,49,original_49_14.png,49,original_49_19.png,genuine
val,49,original_49_24.png,49,original_49_5.png,genuine
val,49,original_49_11.png,49,original_49_20.png,genuine
val,49,original_49_24.png,49,original_49_4.png,genuine
val,49,original_49_12.png,49,original_49_23.png,genuine
val,49,original_49_2.png,49,original_49_22.png,genuine
val,49,original_49_24.png,49,original_49_9.png,genuine
val,49,original_49_3.png,49,original_49_6.png,genuine
val,49,original_49_2.png,49,original_49_20.png,genuine
val,49,original_49_10.png,49,original_49_4.png,genuine
val,49,original_49_18.png,49,original_49_8.png,genuine
val,49,original_49_17.png,49,original_49_3.png,genuine
val,49,original_49_17.png,49,original_49_8.png,genuine
val,49,original_49_13.png,49,original_49_20.png,genuine
val,49,original_49_10.png,49,original_49_23.png,genuine
val,49,original_49_11.png,49,original_49_8.png,genuine
val,49,original_49_6.png,49,original_49_7.png,genuine
val,49,original_49_10.png,49,original_49_22.png,genuine
val,49,original_49_14.png,49,original_49_6.png,genuine
val,49,original_49_11.png,49,original_49_22.png,genuine
val,53,original_53_11.png,53,original_53_15.png,genuine
val,53,original_53_2.png,53,original_53_3.png,genuine
val,53,original_53_24.png,53,original_53_4.png,genuine
val,53,original_53_12.png,53,original_53_7.png,genuine
val,53,original_53_14.png,53,original_53_23.png,genuine
val,53,original_53_12.png,53,original_53_6.png,genuine
val,53,original_53_20.png,53,original_53_9.png,genuine
val,53,original_53_4.png,53,original_53_7.png,genuine
val,53,original_53_2.png,53,original_53_6.png,genuine
val,53,original_53_18.png,53,original_53_20.png,genuine
val,53,original_53_20.png,53,original_53_4.png,genuine
val,53,original_53_13.png,53,original_53_5.png,genuine
val,53,original_53_18.png,53,original_53_7.png,genuine
val,53,original_53_17.png,53,original_53_24.png,genuine
val,53,original_53_11.png,53,original_53_14.png,genuine
val,53,original_53_19.png,53,original_53_21.png,genuine
val,53,original_53_1.png,53,original_53_19.png,genuine
val,53,original_53_5.png,53,original_53_6.png,genuine
val,53,original_53_22.png,53,original_53_4.png,genuine
val,53,original_53_21.png,53,original_53_4.png,genuine
val,53,original_53_3.png,53,original_53_8.png,genuine
val,53,original_53_13.png,53,original_53_3.png,genuine
val,53,original_53_12.png,53,original_53_8.png,genuine
val,53,original_53_15.png,53,original_53_24.png,genuine
val,53,original_53_17.png,53,original_53_20.png,genuine
val,53,original_53_12.png,53,original_53_21.png,genuine
val,53,original_53_15.png,53,original_53_23.png,genuine
val,53,original_53_23.png,53,original_53_7.png,genuine
val,53,original_53_1.png,53,original_53_3.png,genuine
val,53,original_53_10.png,53,original_53_16.png,genuine
val,53,original_53_22.png,53,original_53_5.png,genuine
val,53,original_53_2.png,53,original_53_23.png,genuine
val,53,original_53_11.png,53,original_53_24.png,genuine
val,53,original_53_21.png,53,original_53_3.png,genuine
val,53,original_53_10.png,53,original_53_14.png,genuine
val,53,original_53_1.png,53,original_53_8.png,genuine
val,53,original_53_12.png,53,original_53_14.png,genuine
val,53,original_53_12.png,53,original_53_16.png,genuine
val,53,original_53_1.png,53,original_53_2.png,genuine
val,53,original_53_22.png,53,original_53_23.png,genuine
val,53,original_53_2.png,53,original_53_21.png,genuine
val,53,original_53_11.png,53,original_53_13.png,genuine
val,53,original_53_22.png,53,original_53_8.png,genuine
val,53,original_53_19.png,53,original_53_5.png,genuine
val,53,original_53_10.png,53,original_53_20.png,genuine
val,53,original_53_2.png,53,original_53_9.png,genuine
val,53,original_53_14.png,53,original_53_18.png,genuine
val,53,original_53_20.png,53,original_53_6.png,genuine
test,2,original_2_17.png,2,original_2_4.png,genuine
test,2,original_2_12.png,2,original_2_23.png,genuine
test,2,original_2_2.png,2,original_2_24.png,genuine
test,2,original_2_10.png,2,original_2_12.png,genuine
test,2,original_2_10.png,2,original_2_24.png,genuine
test,2,original_2_11.png,2,original_2_15.png,genuine
test,2,original_2_19.png,2,original_2_21.png,genuine
test,2,original_2_10.png,2,original_2_17.png,genuine
test,2,original_2_3.png,2,original_2_8.png,genuine
test,2,original_2_14.png,2,original_2_19.png,genuine
test,2,original_2_1.png,2,original_2_6.png,genuine
test,2,original_2_10.png,2,original_2_9.png,genuine
test,2,original_2_21.png,2,original_2_23.png,genuine
test,2,original_2_20.png,2,original_2_3.png,genuine
test,2,original_2_10.png,2,original_2_22.png,genuine
test,2,original_2_15.png,2,original_2_16.png,genuine
test,2,original_2_11.png,2,original_2_13.png,genuine
test,2,original_2_20.png,2,original_2_6.png,genuine
test,2,original_2_10.png,2,original_2_18.png,genuine
test,2,original_2_11.png,2,original_2_7.png,genuine
test,2,original_2_14.png,2,original_2_23.png,genuine
test,2,original_2_17.png,2,original_2_22.png,genuine
test,2,original_2_17.png,2,original_2_21.png,genuine
test,2,original_2_16.png,2,original_2_3.png,genuine
test,2,original_2_23.png,2,original_2_4.png,genuine
test,2,original_2_1.png,2,original_2_24.png,genuine
test,2,original_2_16.png,2,original_2_23.png,genuine
test,2,original_2_24.png,2,original_2_7.png,genuine
test,2,original_2_13.png,2,original_2_6.png,genuine
test,2,original_2_1.png,2,original_2_21.png,genuine
test,2,original_2_11.png,2,original_2_22.png,genuine
test,2,original_2_1.png,2,original_2_20.png,genuine
test,2,original_2_16.png,2,original_2_19.png,genuine
test,2,original_2_20.png,2,original_2_8.png,genuine
test,2,original_2_10.png,2,original_2_21.png,genuine
test,2,original_2_12.png,2,original_2_20.png,genuine
test,2,original_2_14.png,2,original_2_17.png,genuine
test,2,original_2_10.png,2,original_2_23.png,genuine
test,2,original_2_15.png,2,original_2_8.png,genuine
test,2,original_2_3.png,2,original_2_6.png,genuine
test,2,original_2_16.png,2,original_2_22.png,genuine
test,2,original_2_12.png,2,original_2_24.png,genuine
test,2,original_2_16.png,2,original_2_2.png,genuine
test,2,original_2_2.png,2,original_2_8.png,genuine
test,2,original_2_18.png,2,original_2_21.png,genuine
test,2,original_2_5.png,2,original_2_7.png,genuine
test,2,original_2_10.png,2,original_2_14.png,genuine
test,2,original_2_16.png,2,original_2_24.png,genuine
test,7,original_7_13.png,7,original_7_23.png,genuine
test,7,original_7_19.png,7,original_7_24.png,genuine
test,7,original_7_11.png,7,original_7_16.png,genuine
test,7,original_7_10.png,7,original_7_2.png,genuine
test,7,original_7_10.png,7,original_7_18.png,genuine
test,7,original_7_14.png,7,original_7_15.png,genuine
test,7,original_7_24.png,7,original_7_9.png,genuine
test,7,original_7_20.png,7,original_7_7.png,genuine
test,7,original_7_17.png,7,original_7_21.png,genuine
test,7,original_7_22.png,7,original_7_8.png,genuine
test,7,original_7_22.png,7,original_7_24.png,genuine
test,7,original_7_19.png,7,original_7_2.png,genuine
test,7,original_7_16.png,7,original_7_7.png,genuine
test,7,original_7_15.png,7,original_7_2.png,genuine
test,7,original_7_13.png,7,original_7_2.png,genuine
test,7,original_7_15.png,7,original_7_17.png,genuine
test,7,original_7_10.png,7,original_7_6.png,genuine
test,7,original_7_4.png,7,original_7_7.png,genuine
test,7,original_7_24.png,7,original_7_8.png,genuine
test,7,original_7_18.png,7,original_7_22.png,genuine
test,7,original_7_21.png,7,original_7_8.png,genuine
test,7,original_7_12.png,7,original_7_2.png,genuine
test,7,original_7_16.png,7,original_7_9.png,genuine
test,7,original_7_24.png,7,original_7_5.png,genuine
test,7,original_7_1.png,7,original_7_5.png,genuine
test,7,original_7_6.png,7,original_7_8.png,genuine
test,7,original_7_15.png,7,original_7_23.png,genuine
test,7,original_7_14.png,7,original_7_17.png,genuine
test,7,original_7_10.png,7,original_7_7.png,genuine
test,7,original_7_19.png,7,original_7_5.png,genuine
test,7,original_7_13.png,7,original_7_15.png,genuine
test,7,original_7_10.png,7,original_7_3.png,genuine
test,7,original_7_5.png,7,original_7_6.png,genuine
test,7,original_7_15.png,7,original_7_18.png,genuine
test,7,original_7_24.png,7,original_7_3.png,genuine
test,7,original_7_1.png,7,original_7_2.png,genuine
test,7,original_7_18.png,7,original_7_19.png,genuine
test,7,original_7_1.png,7,original_7_6.png,genuine
test,7,original_7_19.png,7,original_7_7.png,genuine
test,7,original_7_16.png,7,original_7_19.png,genuine
test,7,original_7_16.png,7,original_7_22.png,genuine
test,7,original_7_2.png,7,original_7_24.png,genuine
test,7,original_7_21.png,7,original_7_3.png,genuine
test,7,original_7_2.png,7,original_7_9.png,genuine
test,7,original_7_12.png,7,original_7_4.png,genuine
test,7,original_7_23.png,7,original_7_7.png,genuine
test,7,original_7_18.png,7,original_7_24.png,genuine
test,7,original_7_13.png,7,original_7_17.png,genuine
test,8,original_8_24.png,8,original_8_9.png,genuine
test,8,original_8_22.png,8,original_8_3.png,genuine
test,8,original_8_10.png,8,original_8_22.png,genuine
test,8,original_8_11.png,8,original_8_14.png,genuine
test,8,original_8_15.png,8,original_8_8.png,genuine
test,8,original_8_23.png,8,original_8_4.png,genuine
test,8,original_8_10.png,8,original_8_20.png,genuine
test,8,original_8_10.png,8,original_8_19.png,genuine
test,8,original_8_17.png,8,original_8_2.png,genuine
test,8,original_8_21.png,8,original_8_7.png,genuine
test,8,original_8_16.png,8,original_8_21.png,genuine
test,8,original_8_19.png,8,original_8_9.png,genuine
test,8,original_8_18.png,8,original_8_24.png,genuine
test,8,original_8_1.png,8,original_8_20.png,genuine
test,8,original_8_22.png,8,original_8_6.png,genuine
test,8,original_8_18.png,8,original_8_6.png,genuine
test,8,original_8_13.png,8,original_8_14.png,genuine
test,8,original_8_11.png,8,original_8_3.png,genuine
test,8,original_8_24.png,8,original_8_7.png,genuine
test,8,original_8_10.png,8,original_8_18.png,genuine
test,8,original_8_14.png,8,original_8_20.png,genuine
test,8,original_8_19.png,8,original_8_8.png,genuine
test,8,original_8_12.png,8,original_8_2.png,genuine
test,8,original_8_5.png,8,original_8_9.png,genuine
test,8,original_8_19.png,8,original_8_23.png,genuine
test,8,original_8_11.png,8,original_8_7.png,genuine
test,8,original_8_13.png,8,original_8_6.png,genuine
test,8,original_8_13.png,8,original_8_5.png,genuine
test,8,original_8_22.png,8,original_8_4.png,genuine
test,8,original_8_21.png,8,original_8_24.png,genuine
test,8,original_8_15.png,8,original_8_2.png,genuine
test,8,original_8_1.png,8,original_8_7.png,genuine
test,8,original_8_10.png,8,original_8_7.png,genuine
test,8,original_8_14.png,8,original_8_23.png,genuine
test,8,original_8_13.png,8,original_8_7.png,genuine
test,8,original_8_16.png,8,original_8_17.png,genuine
test,8,original_8_12.png,8,original_8_18.png,genuine
test,8,original_8_21.png,8,original_8_5.png,genuine
test,8,original_8_7.png,8,original_8_8.png,genuine
test,8,original_8_2.png,8,original_8_9.png,genuine
test,8,original_8_14.png,8,original_8_2.png,genuine
test,8,original_8_21.png,8,original_8_22.png,genuine
test,8,original_8_23.png,8,original_8_24.png,genuine
test,8,original_8_22.png,8,original_8_9.png,genuine
test,8,original_8_18.png,8,original_8_5.png,genuine
test,8,original_8_14.png,8,original_8_16.png,genuine
test,8,original_8_13.png,8,original_8_19.png,genuine
test,8,original_8_18.png,8,original_8_21.png,genuine
test,9,original_9_19.png,9,original_9_6.png,genuine
test,9,original_9_14.png,9,original_9_5.png,genuine
test,9,original_9_12.png,9,original_9_23.png,genuine
test,9,original_9_10.png,9,original_9_7.png,genuine
test,9,original_9_13.png,9,original_9_18.png,genuine
test,9,original_9_7.png,9,original_9_8.png,genuine
test,9,original_9_7.png,9,original_9_9.png,genuine
test,9,original_9_14.png,9,original_9_6.png,genuine
test,9,original_9_1.png,9,original_9_16.png,genuine
test,9,original_9_24.png,9,original_9_3.png,genuine
test,9,original_9_13.png,9,original_9_20.png,genuine
test,9,original_9_15.png,9,original_9_4.png,genuine
test,9,original_9_16.png,9,original_9_20.png,genuine
test,9,original_9_1.png,9,original_9_12.png,genuine
test,9,original_9_12.png,9,original_9_20.png,genuine
test,9,original_9_20.png,9,original_9_3.png,genuine
test,9,original_9_19.png,9,original_9_23.png,genuine
test,9,original_9_17.png,9,original_9_24.png,genuine
test,9,original_9_11.png,9,original_9_8.png,genuine
test,9,original_9_10.png,9,original_9_15.png,genuine
test,9,original_9_22.png,9,original_9_3.png,genuine
test,9,original_9_21.png,9,original_9_9.png,genuine
test,9,original_9_21.png,9,original_9_23.png,genuine
test,9,original_9_2.png,9,original_9_21.png,genuine
test,9,original_9_23.png,9,original_9_5.png,genuine
test,9,original_9_21.png,9,original_9_24.png,genuine
test,9,original_9_18.png,9,original_9_21.png,genuine
test,9,original_9_2.png,9,original_9_4.png,genuine
test,9,original_9_16.png,9,original_9_2.png,genuine
test,9,original_9_13.png,9,original_9_5.png,genuine
test,9,original_9_13.png,9,original_9_6.png,genuine
test,9,original_9_13.png,9,original_9_7.png,genuine
test,9,original_9_23.png,9,original_9_8.png,genuine
test,9,original_9_10.png,9,original_9_14.png,genuine
test,9,original_9_15.png,9,original_9_16.png,genuine
test,9,original_9_17.png,9,original_9_23.png,genuine
test,9,original_9_23.png,9,original_9_6.png,genuine
test,9,original_9_1.png,9,original_9_24.png,genuine
test,9,original_9_11.png,9,original_9_15.png,genuine
test,9,original_9_1.png,9,original_9_4.png,genuine
test,9,original_9_11.png,9,original_9_2.png,genuine
test,9,original_9_14.png,9,original_9_21.png,genuine
test,9,original_9_10.png,9,original_9_6.png,genuine
test,9,original_9_10.png,9,original_9_16.png,genuine
test,9,original_9_13.png,9,original_9_15.png,genuine
test,9,original_9_16.png,9,original_9_7.png,genuine
test,9,original_9_1.png,9,original_9_22.png,genuine
test,9,original_9_23.png,9,original_9_4.png,genuine
test,15,original_15_1.png,15,original_15_10.png,genuine
test,15,original_15_12.png,15,original_15_23.png,genuine
test,15,original_15_11.png,15,original_15_18.png,genuine
test,15,original_15_19.png,15,original_15_20.png,genuine
test,15,original_15_1.png,15,original_15_22.png,genuine
test,15,original_15_10.png,15,original_15_23.png,genuine
test,15,original_15_14.png,15,original_15_16.png,genuine
test,15,original_15_19.png,15,original_15_4.png,genuine
test,15,original_15_12.png,15,original_15_22.png,genuine
test,15,original_15_15.png,15,original_15_21.png,genuine
test,15,original_15_18.png,15,original_15_24.png,genuine
test,15,original_15_6.png,15,original_15_9.png,genuine
test,15,original_15_23.png,15,original_15_4.png,genuine
test,15,original_15_11.png,15,original_15_6.png,genuine
test,15,original_15_11.png,15,original_15_3.png,genuine
test,15,original_15_24.png,15,original_15_4.png,genuine
test,15,original_15_22.png,15,original_15_8.png,genuine
test,15,original_15_23.png,15,original_15_7.png,genuine
test,15,original_15_23.png,15,original_15_9.png,genuine
test,15,original_15_17.png,15,original_15_20.png,genuine
test,15,original_15_10.png,15,original_15_8.png,genuine
test,15,original_15_6.png,15,original_15_7.png,genuine
test,15,original_15_10.png,15,original_15_14.png,genuine
test,15,original_15_19.png,15,original_15_3.png,genuine
test,15,original_15_13.png,15,original_15_15.png,genuine
test,15,original_15_19.png,15,original_15_23.png,genuine
test,15,original_15_12.png,15,original_15_14.png,genuine
test,15,original_15_14.png,15,original_15_9.png,genuine
test,15,original_15_20.png,15,original_15_23.png,genuine
test,15,original_15_4.png,15,original_15_9.png,genuine
test,15,original_15_10.png,15,original_15_6.png,genuine
test,15,original_15_15.png,15,original_15_24.png,genuine
test,15,original_15_1.png,15,original_15_15.png,genuine
test,15,original_15_11.png,15,original_15_19.png,genuine
test,15,original_15_15.png,15,original_15_5.png,genuine
test,15,original_15_13.png,15,original_15_2.png,genuine
test,15,original_15_10.png,15,original_15_24.png,genuine
test,15,original_15_18.png,15,original_15_23.png,genuine
test,15,original_15_15.png,15,original_15_9.png,genuine
test,15,original_15_22.png,15,original_15_4.png,genuine
test,15,original_15_1.png,15,original_15_16.png,genuine
test,15,original_15_19.png,15,original_15_6.png,genuine
test,15,original_15_23.png,15,original_15_3.png,genuine
test,15,original_15_5.png,15,original_15_7.png,genuine
test,15,original_15_17.png,15,original_15_3.png,genuine
test,15,original_15_21.png,15,original_15_22.png,genuine
test,15,original_15_10.png,15,original_15_11.png,genuine
test,15,original_15_18.png,15,original_15_3.png,genuine
test,16,original_16_15.png,16,original_16_3.png,genuine
test,16,original_16_4.png,16,original_16_9.png,genuine
test,16,original_16_19.png,16,original_16_21.png,genuine
test,16,original_16_12.png,16,original_16_9.png,genuine
test,16,original_16_18.png,16,original_16_7.png,genuine
test,16,original_16_14.png,16,original_16_23.png,genuine
test,16,original_16_3.png,16,original_16_6.png,genuine
test,16,original_16_17.png,16,original_16_7.png,genuine
test,16,original_16_6.png,16,original_16_7.png,genuine
test,16,original_16_13.png,16,original_16_4.png,genuine
test,16,original_16_14.png,16,original_16_9.png,genuine
test,16,original_16_2.png,16,original_16_5.png,genuine
test,16,original_16_14.png,16,original_16_3.png,genuine
test,16,original_16_13.png,16,original_16_7.png,genuine
test,16,original_16_24.png,16,original_16_7.png,genuine
test,16,original_16_6.png,16,original_16_8.png,genuine
test,16,original_16_1.png,16,original_16_23.png,genuine
test,16,original_16_3.png,16,original_16_8.png,genuine
test,16,original_16_16.png,16,original_16_2.png,genuine
test,16,original_16_23.png,16,original_16_3.png,genuine
test,16,original_16_15.png,16,original_16_24.png,genuine
test,16,original_16_11.png,16,original_16_16.png,genuine
test,16,original_16_18.png,16,original_16_24.png,genuine
test,16,original_16_16.png,16,original_16_8.png,genuine
test,16,original_16_23.png,16,original_16_6.png,genuine
test,16,original_16_13.png,16,original_16_16.png,genuine
test,16,original_16_5.png,16,original_16_7.png,genuine
test,16,original_16_2.png,16,original_16_6.png,genuine
test,16,original_16_22.png,16,original_16_9.png,genuine
test,16,original_16_19.png,16,original_16_2.png,genuine
test,16,original_16_13.png,16,original_16_17.png,genuine
test,16,original_16_24.png,16,original_16_6.png,genuine
test,16,original_16_13.png,16,original_16_20.png,genuine
test,16,original_16_1.png,16,original_16_7.png,genuine
test,16,original_16_11.png,16,original_16_22.png,genuine
test,16,original_16_10.png,16,original_16_14.png,genuine
test,16,original_16_11.png,16,original_16_24.png,genuine
test,16,original_16_14.png,16,original_16_7.png,genuine
test,16,original_16_11.png,16,original_16_17.png,genuine
test,16,original_16_13.png,16,original_16_14.png,genuine
test,16,original_16_11.png,16,original_16_19.png,genuine
test,16,original_16_15.png,16,original_16_16.png,genuine
test,16,original_16_17.png,16,original_16_20.png,genuine
test,16,original_16_21.png,16,original_16_9.png,genuine
test,16,original_16_17.png,16,original_16_18.png,genuine
test,16,original_16_20.png,16,original_16_4.png,genuine
test,16,original_16_1.png,16,original_16_10.png,genuine
test,16,original_16_7.png,16,original_16_9.png,genuine
test,18,original_18_18.png,18,original_18_23.png,genuine
test,18,original_18_10.png,18,original_18_8.png,genuine
test,18,original_18_11.png,18,original_18_5.png,genuine
test,18,original_18_2.png,18,original_18_20.png,genuine
test,18,original_18_13.png,18,original_18_7.png,genuine
test,18,original_18_23.png,18,original_18_6.png,genuine
test,18,original_18_13.png,18,original_18_19.png,genuine
test,18,original_18_21.png,18,original_18_23.png,genuine
test,18,original_18_17.png,18,original_18_9.png,genuine
test,18,original_18_10.png,18,original_18_9.png,genuine
test,18,original_18_2.png,18,original_18_24.png,genuine
test,18,original_18_22.png,18,original_18_7.png,genuine
test,18,original_18_2.png,18,original_18_5.png,genuine
test,18,original_18_7.png,18,original_18_9.png,genuine
test,18,original_18_12.png,18,original_18_5.png,genuine
test,18,original_18_13.png,18,original_18_15.png,genuine
test,18,original_18_11.png,18,original_18_9.png,genuine
test,18,original_18_1.png,18,original_18_23.png,genuine
test,18,original_18_12.png,18,original_18_23.png,genuine
test,18,original_18_22.png,18,original_18_8.png,genuine
test,18,original_18_12.png,18,original_18_20.png,genuine
test,18,original_18_17.png,18,original_18_18.png,genuine
test,18,original_18_20.png,18,original_18_22.png,genuine
test,18,original_18_16.png,18,original_18_6.png,genuine
test,18,original_18_24.png,18,original_18_5.png,genuine
test,18,original_18_14.png,18,original_18_8.png,genuine
test,18,original_18_17.png,18,original_18_7.png,genuine
test,18,original_18_22.png,18,original_18_9.png,genuine
test,18,original_18_13.png,18,original_18_17.png,genuine
test,18,original_18_10.png,18,original_18_4.png,genuine
test,18,original_18_16.png,18,original_18_17.png,genuine
test,18,original_18_23.png,18,original_18_7.png,genuine
test,18,original_18_10.png,18,original_18_20.png,genuine
test,18,original_18_1.png,18,original_18_15.png,genuine
test,18,original_18_1.png,18,original_18_13.png,genuine
test,18,original_18_2.png,18,original_18_4.png,genuine
test,18,original_18_19.png,18,original_18_2.png,genuine
test,18,original_18_17.png,18,original_18_5.png,genuine
test,18,original_18_10.png,18,original_18_14.png,genuine
test,18,original_18_15.png,18,original_18_4.png,genuine
test,18,original_18_19.png,18,original_18_3.png,genuine
test,18,original_18_10.png,18,original_18_22.png,genuine
test,18,original_18_14.png,18,original_18_20.png,genuine
test,18,original_18_21.png,18,original_18_24.png,genuine
test,18,original_18_11.png,18,original_18_16.png,genuine
test,18,original_18_24.png,18,original_18_8.png,genuine
test,18,original_18_22.png,18,original_18_24.png,genuine
test,18,original_18_11.png,18,original_18_20.png,genuine
test,41,original_41_1.png,41,original_41_23.png,genuine
test,41,original_41_15.png,41,original_41_20.png,genuine
test,41,original_41_14.png,41,original_41_18.png,genuine
test,41,original_41_16.png,41,original_41_3.png,genuine
test,41,original_41_3.png,41,original_41_5.png,genuine
test,41,original_41_15.png,41,original_41_16.png,genuine
test,41,original_41_17.png,41,original_41_5.png,genuine
test,41,original_41_15.png,41,original_41_24.png,genuine
test,41,original_41_20.png,41,original_41_3.png,genuine
test,41,original_41_12.png,41,original_41_14.png,genuine
test,41,original_41_10.png,41,original_41_19.png,genuine
test,41,original_41_18.png,41,original_41_6.png,genuine
test,41,original_41_22.png,41,original_41_4.png,genuine
test,41,original_41_20.png,41,original_41_4.png,genuine
test,41,original_41_6.png,41,original_41_8.png,genuine
test,41,original_41_12.png,41,original_41_13.png,genuine
test,41,original_41_12.png,41,original_41_23.png,genuine
test,41,original_41_1.png,41,original_41_19.png,genuine
test,41,original_41_21.png,41,original_41_4.png,genuine
test,41,original_41_13.png,41,original_41_20.png,genuine
test,41,original_41_1.png,41,original_41_12.png,genuine
test,41,original_41_2.png,41,original_41_20.png,genuine
test,41,original_41_2.png,41,original_41_4.png,genuine
test,41,original_41_10.png,41,original_41_3.png,genuine
test,41,original_41_10.png,41,original_41_9.png,genuine
test,41,original_41_10.png,41,original_41_23.png,genuine
test,41,original_41_14.png,41,original_41_8.png,genuine
test,41,original_41_17.png,41,original_41_2.png,genuine
test,41,original_41_19.png,41,original_41_2.png,genuine
test,41,original_41_10.png,41,original_41_18.png,genuine
test,41,original_41_16.png,41,original_41_19.png,genuine
test,41,original_41_1.png,41,original_41_24.png,genuine
test,41,original_41_12.png,41,original_41_7.png,genuine
test,41,original_41_18.png,41,original_41_21.png,genuine
test,41,original_41_5.png,41,original_41_8.png,genuine
test,41,original_41_15.png,41,original_41_5.png,genuine
test,41,original_41_23.png,41,original_41_7.png,genuine
test,41,original_41_6.png,41,original_41_7.png,genuine
test,41,original_41_2.png,41,original_41_22.png,genuine
test,41,original_41_24.png,41,original_41_9.png,genuine
test,41,original_41_10.png,41,original_41_15.png,genuine
test,41,original_41_21.png,41,original_41_5.png,genuine
test,41,original_41_16.png,41,original_41_2.png,genuine
test,41,original_41_8.png,41,original_41_9.png,genuine
test,41,original_41_11.png,41,original_41_7.png,genuine
test,41,original_41_11.png,41,original_41_15.png,genuine
test,41,original_41_12.png,41,original_41_17.png,genuine
test,41,original_41_1.png,41,original_41_2.png,genuine
test,44,original_44_11.png,44,original_44_17.png,genuine
test,44,original_44_3.png,44,original_44_8.png,genuine
test,44,original_44_22.png,44,original_44_23.png,genuine
test,44,original_44_1.png,44,original_44_23.png,genuine
test,44,original_44_10.png,44,original_44_2.png,genuine
test,44,original_44_21.png,44,original_44_5.png,genuine
test,44,original_44_17.png,44,original_44_5.png,genuine
test,44,original_44_3.png,44,original_44_7.png,genuine
test,44,original_44_4.png,44,original_44_6.png,genuine
test,44,original_44_13.png,44,original_44_7.png,genuine
test,44,original_44_16.png,44,original_44_18.png,genuine
test,44,original_44_7.png,44,original_44_8.png,genuine
test,44,original_44_3.png,44,original_44_9.png,genuine
test,44,original_44_23.png,44,original_44_6.png,genuine
test,44,original_44_7.png,44,original_44_9.png,genuine
test,44,original_44_15.png,44,original_44_19.png,genuine
test,44,original_44_15.png,44,original_44_24.png,genuine
test,44,original_44_13.png,44,original_44_8.png,genuine
test,44,original_44_21.png,44,original_44_8.png,genuine
test,44,original_44_12.png,44,original_44_17.png,genuine
test,44,original_44_20.png,44,original_44_24.png,genuine
test,44,original_44_10.png,44,original_44_19.png,genuine
test,44,original_44_13.png,44,original_44_5.png,genuine
test,44,original_44_14.png,44,original_44_22.png,genuine
test,44,original_44_12.png,44,original_44_4.png,genuine
test,44,original_44_1.png,44,original_44_5.png,genuine
test,44,original_44_18.png,44,original_44_19.png,genuine
test,44,original_44_11.png,44,original_44_5.png,genuine
test,44,original_44_14.png,44,original_44_19.png,genuine
test,44,original_44_24.png,44,original_44_5.png,genuine
test,44,original_44_11.png,44,original_44_20.png,genuine
test,44,original_44_24.png,44,original_44_4.png,genuine
test,44,original_44_12.png,44,original_44_23.png,genuine
test,44,original_44_2.png,44,original_44_22.png,genuine
test,44,original_44_24.png,44,original_44_9.png,genuine
test,44,original_44_3.png,44,original_44_6.png,genuine
test,44,original_44_2.png,44,original_44_20.png,genuine
test,44,original_44_10.png,44,original_44_4.png,genuine
test,44,original_44_18.png,44,original_44_8.png,genuine
test,44,original_44_17.png,44,original_44_3.png,genuine
test,44,original_44_17.png,44,original_44_8.png,genuine
test,44,original_44_13.png,44,original_44_20.png,genuine
test,44,original_44_10.png,44,original_44_23.png,genuine
test,44,original_44_11.png,44,original_44_8.png,genuine
test,44,original_44_6.png,44,original_44_7.png,genuine
test,44,original_44_10.png,44,original_44_22.png,genuine
test,44,original_44_14.png,44,original_44_6.png,genuine
test,44,original_44_11.png,44,original_44_22.png,genuine
test,48,original_48_11.png,48,original_48_15.png,genuine
test,48,original_48_2.png,48,original_48_3.png,genuine
test,48,original_48_24.png,48,original_48_4.png,genuine
test,48,original_48_12.png,48,original_48_7.png,genuine
test,48,original_48_14.png,48,original_48_23.png,genuine
test,48,original_48_12.png,48,original_48_6.png,genuine
test,48,original_48_20.png,48,original_48_9.png,genuine
test,48,original_48_4.png,48,original_48_7.png,genuine
test,48,original_48_2.png,48,original_48_6.png,genuine
test,48,original_48_18.png,48,original_48_20.png,genuine
test,48,original_48_20.png,48,original_48_4.png,genuine
test,48,original_48_13.png,48,original_48_5.png,genuine
test,48,original_48_18.png,48,original_48_7.png,genuine
test,48,original_48_17.png,48,original_48_24.png,genuine
test,48,original_48_11.png,48,original_48_14.png,genuine
test,48,original_48_19.png,48,original_48_21.png,genuine
test,48,original_48_1.png,48,original_48_19.png,genuine
test,48,original_48_5.png,48,original_48_6.png,genuine
test,48,original_48_22.png,48,original_48_4.png,genuine
test,48,original_48_21.png,48,original_48_4.png,genuine
test,48,original_48_3.png,48,original_48_8.png,genuine
test,48,original_48_13.png,48,original_48_3.png,genuine
test,48,original_48_12.png,48,original_48_8.png,genuine
test,48,original_48_15.png,48,original_48_24.png,genuine
test,48,original_48_17.png,48,original_48_20.png,genuine
test,48,original_48_12.png,48,original_48_21.png,genuine
test,48,original_48_15.png,48,original_48_23.png,genuine
test,48,original_48_23.png,48,original_48_7.png,genuine
test,48,original_48_1.png,48,original_48_3.png,genuine
test,48,original_48_10.png,48,original_48_16.png,genuine
test,48,original_48_22.png,48,original_48_5.png,genuine
test,48,original_48_2.png,48,original_48_23.png,genuine
test,48,original_48_11.png,48,original_48_24.png,genuine
test,48,original_48_21.png,48,original_48_3.png,genuine
test,48,original_48_10.png,48,original_48_14.png,genuine
test,48,original_48_1.png,48,original_48_8.png,genuine
test,48,original_48_12.png,48,original_48_14.png,genuine
test,48,original_48_12.png,48,original_48_16.png,genuine
test,48,original_48_1.png,48,original_48_2.png,genuine
test,48,original_48_22.png,48,original_48_23.png,genuine
test,48,original_48_2.png,48,original_48_21.png,genuine
test,48,original_48_11.png,48,original_48_13.png,genuine
test,48,original_48_22.png,48,original_48_8.png,genuine
test,48,original_48_19.png,48,original_48_5.png,genuine
test,48,original_48_10.png,48,original_48_20.png,genuine
test,48,original_48_2.png,48,original_48_9.png,genuine
test,48,original_48_14.png,48,original_48_18.png,genuine
test,48,original_48_20.png,48,original_48_6.png,genuine
